Workbook

Sheet Preenchimento
A1: Controle Avaliação
A2: Preenchimento — lista-mãe do comitê
B4: Preencha um delegado por linha, a partir da linha 10. A ordem desta aba comanda o Registro por Sessão e a aba Nota.
B5: Delegado e Representação/Função são preenchidos pela equipe. Presença geral é a presença consolidada do evento.
B6: Não insira nem exclua linhas: as demais abas referenciam estas posições fixas.
B9: Delegado | C9: Representação/Função | D9: Presença geral
A10: =IF($B10="","",ROW()-9)
A11: =IF($B11="","",ROW()-9)
A12: =IF($B12="","",ROW()-9)
A13: =IF($B13="","",ROW()-9)
A14: =IF($B14="","",ROW()-9)
A15: =IF($B15="","",ROW()-9)
A16: =IF($B16="","",ROW()-9)
A17: =IF($B17="","",ROW()-9)
A18: =IF($B18="","",ROW()-9)
A19: =IF($B19="","",ROW()-9)
A20: =IF($B20="","",ROW()-9)
A21: =IF($B21="","",ROW()-9)
... A109: =IF($B109="","",ROW()-9)

Sheet Rubrica
A1: Controle Avaliação
A2: Rubrica — referência operacional
B4: 1. Eixos e notas base
B5: Eixo | C5: O que mede | D5: Nota base | E5: Pergunta avaliativa central
B6: Diplomacia e Respeito às Regras | C6: Postura, decoro, domínio procedimental, relação com a presidência | D6: 8 | E6: Atuou com postura adequada e respeito ao procedimento?
B7: Fidelidade à Função Designada | C7: Coerência com o papel atribuído (política externa para delegações; condução neutra para presidência) | D7: 8 | E7: Foi coerente com o papel que recebeu?
B8: Contribuição | C8: Impacto e avanço material: proposta, cláusula, documento, acordo, destravamento, organização de solução, materialização | D8: 5 | E8: Fez o comitê avançar concretamente?
B9: Participação | C9: Presença ativa, regularidade e volume de engajamento nas sessões | D9: 5 | E9: Esteve presente e ativo nas sessões?
B10: Base 8 (Diplomacia, Fidelidade): presunção de adequação — a nota se move para cima ou para baixo apenas mediante gatilho registrado.
B11: Base 5 (Contribuição, Participação): nada é presumido — a nota só sobe mediante atuação demonstrada e registrada.
B12: Participação alta não compensa Contribuição baixa. Os dois eixos são registrados de forma independente.
B14: 2. Gatilhos pontuáveis (campo Gatilho)
B15: Neste Controle Avaliação, o campo Gatilho usa tokens pontuáveis: cada token soma ou subtrai pontos diretamente na nota do eixo.
B16: Os tokens não são os IDs fixos do catálogo da Matriz de Avaliação — ver specs/ERRATA_GATILHOS_PONTUAVEIS.md (decisão registrada do projeto).
B17: Formato: D+X / D-Y, F+X / F-Y, C+X / C-Y, P+X / P-Y, com X e Y inteiros. Validação recomendada: valores de -8 até +5.
B18: Vários tokens no mesmo campo, separados por ponto e vírgula (até 8 tokens por campo). Exemplo: C+2; C-1
B19: Nota Preliminar = nota base do eixo + soma dos tokens, sempre limitada entre 0 e 10.
B20: Tokens de outro eixo ou texto inválido são ignorados pela fórmula. Presença na sessão = Falta gera nota "-".
B21: Cada token exige Evidência correspondente no mesmo eixo e na mesma sessão. A fórmula organiza a pontuação; ela não substitui a análise nem a revisão acadêmica.
B22: Exemplo de Gatilho | C22: Eixo | D22: Cálculo | E22: Nota Preliminar
B23: C+2 | C23: Contribuição | D23: 5 + 2 | E23: 7
B24: C+2; C-1 | C24: Contribuição | D24: 5 + 2 - 1 | E24: 6
B25: D+1; D-2 | C25: Diplomacia e Respeito às Regras | D25: 8 + 1 - 2 | E25: 7
B26: F+2; F-1 | C26: Fidelidade à Função Designada | D26: 8 + 2 - 1 | E26: 9
B27: P-2 | C27: Participação | D27: 5 - 2 | E27: 3
B29: 3. Escala de interpretação (0 a 10)
B30: Nota | C30: Interpretação
B31: 10 | C31: Desempenho excepcional: evidência clara, impacto decisivo, aderência plena ao eixo
B32: 9 | C32: Desempenho destacado: evidência concreta, impacto relevante
B33: 8 | C33: Desempenho adequado ou bom, compatível com o esperado
B34: 7 | C34: Desempenho aceitável, com pequenos limites ou irregularidades
B35: 6 | C35: Desempenho limitado, irregular ou pouco consistente
B36: 5 | C36: Desempenho mediano, mínimo ou insuficientemente demonstrado
B37: 4 | C37: Problema relevante ou baixa atuação no eixo
B38: 3 | C38: Problema grave, repetido ou impacto negativo claro
B39: 2 | C39: Atuação muito insuficiente ou fortemente incompatível com o eixo
B40: 1 | C40: Atuação quase inexistente ou conduta extremamente prejudicial
B41: 0 | C41: Ausência total de atuação avaliável ou conduta incompatível com avaliação no eixo
B42: A mesma nota tem significado diferente conforme a base do eixo: 5 em Contribuição é atuação mediana; 5 em Diplomacia é queda de 3 pontos abaixo da base.
B44: 4. Travas de registro
B45: Nota 9 ou 10 exige evidência escrita com fato concreto, impacto claro e relação direta com o eixo.
B46: Nota abaixo da base do eixo exige evidência escrita.
B47: Participação não compensa Contribuição: volume de fala sem avanço material não eleva Contribuição.
B48: Registro apenas observacional: preencher Evidência e Triagem, sem token no Gatilho (delta zero).
B49: A consolidação final e a premiação passam por revisão acadêmica. A Nota Preliminar não é nota final.
B50: Status do registro (Registro por Sessão): Pendente, Em andamento, Concluído, Revisado — controle operacional da equipe.
B52: 5. Triagem — opções por eixo (menu suspenso)
B53: A Triagem classifica rapidamente o tipo de evidência para leitura acadêmica posterior. Ela não calcula nota: a pontuação vem apenas do campo Gatilho.
B54: Eixo | C54: Opção de Triagem
B55: Diplomacia e Respeito às Regras | C55: Procedimento adequado
C56: Uso correto de moção/questão de ordem
C57: Postura respeitosa em conflito
C58: Erro procedimental isolado
C59: Erro procedimental repetido
C60: Interrupção/fala fora de ordem
C61: Conflito improdutivo
C62: Conduta excludente/dominadora
B63: Fidelidade à Função Designada | C63: Coerente com a função
C64: Coerência entre fala e documento
C65: Argumento compatível com interesses
C66: Concessão justificada
C67: Atuação genérica
C68: Proposta incompatível com função
C69: Mudança oportunista sem justificativa
C70: Incoerência em bloco/aliança
B71: Contribuição | C71: Sem contribuição observável
C72: Participa sem encaminhamento
C73: Proposta genérica
C74: Proposta aproveitável
C75: Proposta desenvolvida
C76: Cláusula/documento melhorado
C77: Organização de solução
C78: Destravamento de impasse
C79: Materialização decisiva
C80: Centralização excludente
B81: Participação | C81: Sem engajamento observável
C82: Presença irregular
C83: Fala pontual
C84: Discursos regulares
C85: Participa de negociação
C86: Interage com diferentes representações
C87: Presente em momento decisivo
C88: Acompanha documentos/debates
C89: Fala muito sem avanço
B91: 6. Padrão de evidência
B92: Evidência observável: o quê, quem, quando, eixo e impacto. Pode ser mais longa quando necessário para a revisão acadêmica.
B93: Válido: "Redigiu cláusula aceita na proposta final após articular acordo entre três representações."
B94: Inválido: "Foi muito bom." / "Participou bem."
B95: Terminologia: usar Presidência (não usar Mesa); usar sessão, comitê, debates, discussões (não usar Plenária); usar representação e delegação.

Sheet Registro por Sessão
A1: Controle Avaliação — Registro por Sessão
A2: Identificação | G2: Diplomacia e Respeito às Regras | K2: Fidelidade à Função Designada | O2: Contribuição | S2: Participação | W2: Síntese
B3: Sessão | C3: Delegado | D3: Representação/Função | E3: Presença na sessão | F3: Status do registro | G3: Evidência D | H3: Gatilho D | I3: Triagem D | J3: Nota Preliminar D | K3: Evidência F | L3: Gatilho F | M3: Triagem F | N3: Nota Preliminar F | O3: Evidência C | P3: Gatilho C | Q3: Triagem C | R3: Nota Preliminar C | S3: Evidência P | T3: Gatilho P | U3: Triagem P | V3: Nota Preliminar P | W3: Síntese acumulada da sessão | X3: Observação geral da sessão
A4: =IF($C4="","",1) | B4: =IF($C4="","","1ª Sessão") | C4: =IF(Preenchimento!$B$10="","",Preenchimento!$B$10) | D4: =IF($C4="","",IF(Preenchimento!$C$10="","-",Preenchimento!$C$10)) | J4: =IF($C4="","",IF($E4="Falta","-",MAX(0,MIN(10,8+IFERROR(VALUE(TRIM(MID(SUBSTITUTE(SUBSTITUTE(SUBSTITUTE(UPPER($H4)," ",""),"D",""),";",REPT(" ",30)),1,30))),0)+IFERROR(VALUE(TRIM(MID(SUBSTITUTE(SUBSTITUTE(SUBSTITUTE(UPPER($H4)," ",""),"D",""),";",REPT(" ",30)),31,30))),0)+IFERROR(VALUE(TRIM(MID(SUBSTITUTE(SUBSTITUTE(SUBSTITUTE(UPPER($H4)," ",""),"D",""),";",REPT(" ",30)),61,30))),0)+IFERROR(VALUE(TRIM(MID(SUBSTITUTE(SUBSTITUTE(SUBSTITUTE(UPPER($H4)," ",""),"D",""),";",REPT(" ",30)),91,30))),0)+IFERROR(VALUE(TRIM(MID(SUBSTITUTE(SUBSTITUTE(SUBSTITUTE(UPPER($H4)," ",""),"D",""),";",REPT(" ",30)),121,30))),0)+IFERROR(VALUE(TRIM(MID(SUBSTITUTE(SUBSTITUTE(SUBSTITUTE(UPPER($H4)," ",""),"D",""),";",REPT(" ",30)),151,30))),0)+IFERROR(VALUE(TRIM(MID(SUBSTITUTE(SUBSTITUTE(SUBSTITUTE(UPPER($H4)," ",""),"D",""),";",REPT(" ",30)),181,30))),0)+IFERROR(VALUE(TRIM(MID(SUBSTITUTE(SUBSTITUTE(SUBSTITUTE(UPPER($H4)," ",""),"D",""),";",REPT(" ",30)),211,30))),0))))) | N4: =IF($C4="","",IF($E4="Falta","-",MAX(0,MIN(10,8+IFERROR(VALUE(TRIM(MID(SUBSTITUTE(SUBSTITUTE(SUBSTITUTE(UPPER($L4)," ",""),"F",""),";",REPT(" ",30)),1,30))),0)+IFERROR(VALUE(TRIM(MID(SUBSTITUTE(SUBSTITUTE(SUBSTITUTE(UPPER($L4)," ",""),"F",""),";",REPT(" ",30)),31,30))),0)+IFERROR(VALUE(TRIM(MID(SUBSTITUTE(SUBSTITUTE(SUBSTITUTE(UPPER($L4)," ",""),"F",""),";",REPT(" ",30)),61,30))),0)+IFERROR(VALUE(TRIM(MID(SUBSTITUTE(SUBSTITUTE(SUBSTITUTE(UPPER($L4)," ",""),"F",""),";",REPT(" ",30)),91,30))),0)+IFERROR(VALUE(TRIM(MID(SUBSTITUTE(SUBSTITUTE(SUBSTITUTE(UPPER($L4)," ",""),"F",""),";",REPT(" ",30)),121,30))),0)+IFERROR(VALUE(TRIM(MID(SUBSTITUTE(SUBSTITUTE(SUBSTITUTE(UPPER($L4)," ",""),"F",""),";",REPT(" ",30)),151,30))),0)+IFERROR(VALUE(TRIM(MID(SUBSTITUTE(SUBSTITUTE(SUBSTITUTE(UPPER($L4)," ",""),"F",""),";",REPT(" ",30)),181,30))),0)+IFERROR(VALUE(TRIM(MID(SUBSTITUTE(SUBSTITUTE(SUBSTITUTE(UPPER($L4)," ",""),"F",""),";",REPT(" ",30)),211,30))),0))))) | R4: =IF($C4="","",IF($E4="Falta","-",MAX(0,MIN(10,5+IFERROR(VALUE(TRIM(MID(SUBSTITUTE(SUBSTITUTE(SUBSTITUTE(UPPER($P4)," ",""),"C",""),";",REPT(" ",30)),1,30))),0)+IFERROR(VALUE(TRIM(MID(SUBSTITUTE(SUBSTITUTE(SUBSTITUTE(UPPER($P4)," ",""),"C",""),";",REPT(" ",30)),31,30))),0)+IFERROR(VALUE(TRIM(MID(SUBSTITUTE(SUBSTITUTE(SUBSTITUTE(UPPER($P4)," ",""),"C",""),";",REPT(" ",30)),61,30))),0)+IFERROR(VALUE(TRIM(MID(SUBSTITUTE(SUBSTITUTE(SUBSTITUTE(UPPER($P4)," ",""),"C",""),";",REPT(" ",30)),91,30))),0)+IFERROR(VALUE(TRIM(MID(SUBSTITUTE(SUBSTITUTE(SUBSTITUTE(UPPER($P4)," ",""),"C",""),";",REPT(" ",30)),121,30))),0)+IFERROR(VALUE(TRIM(MID(SUBSTITUTE(SUBSTITUTE(SUBSTITUTE(UPPER($P4)," ",""),"C",""),";",REPT(" ",30)),151,30))),0)+IFERROR(VALUE(TRIM(MID(SUBSTITUTE(SUBSTITUTE(SUBSTITUTE(UPPER($P4)," ",""),"C",""),";",REPT(" ",30)),181,30))),0)+IFERROR(VALUE(TRIM(MID(SUBSTITUTE(SUBSTITUTE(SUBSTITUTE(UPPER($P4)," ",""),"C",""),";",REPT(" ",30)),211,30))),0))))) | V4: =IF($C4="","",IF($E4="Falta","-",MAX(0,MIN(10,5+IFERROR(VALUE(TRIM(MID(SUBSTITUTE(SUBSTITUTE(SUBSTITUTE(UPPER($T4)," ",""),"P",""),";",REPT(" ",30)),1,30))),0)+IFERROR(VALUE(TRIM(MID(SUBSTITUTE(SUBSTITUTE(SUBSTITUTE(UPPER($T4)," ",""),"P",""),";",REPT(" ",30)),31,30))),0)+IFERROR(VALUE(TRIM(MID(SUBSTITUTE(SUBSTITUTE(SUBSTITUTE(UPPER($T4)," ",""),"P",""),";",REPT(" ",30)),61,30))),0)+IFERROR(VALUE(TRIM(MID(SUBSTITUTE(SUBSTITUTE(SUBSTITUTE(UPPER($T4)," ",""),"P",""),";",REPT(" ",30)),91,30))),0)+IFERROR(VALUE(TRIM(MID(SUBSTITUTE(SUBSTITUTE(SUBSTITUTE(UPPER($T4)," ",""),"P",""),";",REPT(" ",30)),121,30))),0)+IFERROR(VALUE(TRIM(MID(SUBSTITUTE(SUBSTITUTE(SUBSTITUTE(UPPER($T4)," ",""),"P",""),";",REPT(" ",30)),151,30))),0)+IFERROR(VALUE(TRIM(MID(SUBSTITUTE(SUBSTITUTE(SUBSTITUTE(UPPER($T4)," ",""),"P",""),";",REPT(" ",30)),181,30))),0)+IFERROR(VALUE(TRIM(MID(SUBSTITUTE(SUBSTITUTE(SUBSTITUTE(UPPER($T4)," ",""),"P",""),";",REPT(" ",30)),211,30))),0)))))
A5: =IF($C5="","",1) | B5: =IF($C5="","","2ª Sessão") | C5: =IF(Preenchimento!$B$10="","",Preenchimento!$B$10) | D5: =IF($C5="","",IF(Preenchimento!$C$10="","-",Preenchimento!$C$10)) | J5: =IF($C5="","",IF($E5="Falta","-",MAX(0,MIN(10,8+IFERROR(VALUE(TRIM(MID(SUBSTITUTE(SUBSTITUTE(SUBSTITUTE(UPPER($H5)," ",""),"D",""),";",REPT(" ",30)),1,30))),0)+IFERROR(VALUE(TRIM(MID(SUBSTITUTE(SUBSTITUTE(SUBSTITUTE(UPPER($H5)," ",""),"D",""),";",REPT(" ",30)),31,30))),0)+IFERROR(VALUE(TRIM(MID(SUBSTITUTE(SUBSTITUTE(SUBSTITUTE(UPPER($H5)," ",""),"D",""),";",REPT(" ",30)),61,30))),0)+IFERROR(VALUE(TRIM(MID(SUBSTITUTE(SUBSTITUTE(SUBSTITUTE(UPPER($H5)," ",""),"D",""),";",REPT(" ",30)),91,30))),0)+IFERROR(VALUE(TRIM(MID(SUBSTITUTE(SUBSTITUTE(SUBSTITUTE(UPPER($H5)," ",""),"D",""),";",REPT(" ",30)),121,30))),0)+IFERROR(VALUE(TRIM(MID(SUBSTITUTE(SUBSTITUTE(SUBSTITUTE(UPPER($H5)," ",""),"D",""),";",REPT(" ",30)),151,30))),0)+IFERROR(VALUE(TRIM(MID(SUBSTITUTE(SUBSTITUTE(SUBSTITUTE(UPPER($H5)," ",""),"D",""),";",REPT(" ",30)),181,30))),0)+IFERROR(VALUE(TRIM(MID(SUBSTITUTE(SUBSTITUTE(SUBSTITUTE(UPPER($H5)," ",""),"D",""),";",REPT(" ",30)),211,30))),0))))) | N5: =IF($C5="","",IF($E5="Falta","-",MAX(0,MIN(10,8+IFERROR(VALUE(TRIM(MID(SUBSTITUTE(SUBSTITUTE(SUBSTITUTE(UPPER($L5)," ",""),"F",""),";",REPT(" ",30)),1,30))),0)+IFERROR(VALUE(TRIM(MID(SUBSTITUTE(SUBSTITUTE(SUBSTITUTE(UPPER($L5)," ",""),"F",""),";",REPT(" ",30)),31,30))),0)+IFERROR(VALUE(TRIM(MID(SUBSTITUTE(SUBSTITUTE(SUBSTITUTE(UPPER($L5)," ",""),"F",""),";",REPT(" ",30)),61,30))),0)+IFERROR(VALUE(TRIM(MID(SUBSTITUTE(SUBSTITUTE(SUBSTITUTE(UPPER($L5)," ",""),"F",""),";",REPT(" ",30)),91,30))),0)+IFERROR(VALUE(TRIM(MID(SUBSTITUTE(SUBSTITUTE(SUBSTITUTE(UPPER($L5)," ",""),"F",""),";",REPT(" ",30)),121,30))),0)+IFERROR(VALUE(TRIM(MID(SUBSTITUTE(SUBSTITUTE(SUBSTITUTE(UPPER($L5)," ",""),"F",""),";",REPT(" ",30)),151,30))),0)+IFERROR(VALUE(TRIM(MID(SUBSTITUTE(SUBSTITUTE(SUBSTITUTE(UPPER($L5)," ",""),"F",""),";",REPT(" ",30)),181,30))),0)+IFERROR(VALUE(TRIM(MID(SUBSTITUTE(SUBSTITUTE(SUBSTITUTE(UPPER($L5)," ",""),"F",""),";",REPT(" ",30)),211,30))),0))))) | R5: =IF($C5="","",IF($E5="Falta","-",MAX(0,MIN(10,5+IFERROR(VALUE(TRIM(MID(SUBSTITUTE(SUBSTITUTE(SUBSTITUTE(UPPER($P5)," ",""),"C",""),";",REPT(" ",30)),1,30))),0)+IFERROR(VALUE(TRIM(MID(SUBSTITUTE(SUBSTITUTE(SUBSTITUTE(UPPER($P5)," ",""),"C",""),";",REPT(" ",30)),31,30))),0)+IFERROR(VALUE(TRIM(MID(SUBSTITUTE(SUBSTITUTE(SUBSTITUTE(UPPER($P5)," ",""),"C",""),";",REPT(" ",30)),61,30))),0)+IFERROR(VALUE(TRIM(MID(SUBSTITUTE(SUBSTITUTE(SUBSTITUTE(UPPER($P5)," ",""),"C",""),";",REPT(" ",30)),91,30))),0)+IFERROR(VALUE(TRIM(MID(SUBSTITUTE(SUBSTITUTE(SUBSTITUTE(UPPER($P5)," ",""),"C",""),";",REPT(" ",30)),121,30))),0)+IFERROR(VALUE(TRIM(MID(SUBSTITUTE(SUBSTITUTE(SUBSTITUTE(UPPER($P5)," ",""),"C",""),";",REPT(" ",30)),151,30))),0)+IFERROR(VALUE(TRIM(MID(SUBSTITUTE(SUBSTITUTE(SUBSTITUTE(UPPER($P5)," ",""),"C",""),";",REPT(" ",30)),181,30))),0)+IFERROR(VALUE(TRIM(MID(SUBSTITUTE(SUBSTITUTE(SUBSTITUTE(UPPER($P5)," ",""),"C",""),";",REPT(" ",30)),211,30))),0))))) | V5: =IF($C5="","",IF($E5="Falta","-",MAX(0,MIN(10,5+IFERROR(VALUE(TRIM(MID(SUBSTITUTE(SUBSTITUTE(SUBSTITUTE(UPPER($T5)," ",""),"P",""),";",REPT(" ",30)),1,30))),0)+IFERROR(VALUE(TRIM(MID(SUBSTITUTE(SUBSTITUTE(SUBSTITUTE(UPPER($T5)," ",""),"P",""),";",REPT(" ",30)),31,30))),0)+IFERROR(VALUE(TRIM(MID(SUBSTITUTE(SUBSTITUTE(SUBSTITUTE(UPPER($T5)," ",""),"P",""),";",REPT(" ",30)),61,30))),0)+IFERROR(VALUE(TRIM(MID(SUBSTITUTE(SUBSTITUTE(SUBSTITUTE(UPPER($T5)," ",""),"P",""),";",REPT(" ",30)),91,30))),0)+IFERROR(VALUE(TRIM(MID(SUBSTITUTE(SUBSTITUTE(SUBSTITUTE(UPPER($T5)," ",""),"P",""),";",REPT(" ",30)),121,30))),0)+IFERROR(VALUE(TRIM(MID(SUBSTITUTE(SUBSTITUTE(SUBSTITUTE(UPPER($T5)," ",""),"P",""),";",REPT(" ",30)),151,30))),0)+IFERROR(VALUE(TRIM(MID(SUBSTITUTE(SUBSTITUTE(SUBSTITUTE(UPPER($T5)," ",""),"P",""),";",REPT(" ",30)),181,30))),0)+IFERROR(VALUE(TRIM(MID(SUBSTITUTE(SUBSTITUTE(SUBSTITUTE(UPPER($T5)," ",""),"P",""),";",REPT(" ",30)),211,30))),0)))))
A6: =IF($C6="","",1) | B6: =IF($C6="","","3ª Sessão") | C6: =IF(Preenchimento!$B$10="","",Preenchimento!$B$10) | D6: =IF($C6="","",IF(Preenchimento!$C$10="","-",Preenchimento!$C$10)) | J6: =IF($C6="","",IF($E6="Falta","-",MAX(0,MIN(10,8+IFERROR(VALUE(TRIM(MID(SUBSTITUTE(SUBSTITUTE(SUBSTITUTE(UPPER($H6)," ",""),"D",""),";",REPT(" ",30)),1,30))),0)+IFERROR(VALUE(TRIM(MID(SUBSTITUTE(SUBSTITUTE(SUBSTITUTE(UPPER($H6)," ",""),"D",""),";",REPT(" ",30)),31,30))),0)+IFERROR(VALUE(TRIM(MID(SUBSTITUTE(SUBSTITUTE(SUBSTITUTE(UPPER($H6)," ",""),"D",""),";",REPT(" ",30)),61,30))),0)+IFERROR(VALUE(TRIM(MID(SUBSTITUTE(SUBSTITUTE(SUBSTITUTE(UPPER($H6)," ",""),"D",""),";",REPT(" ",30)),91,30))),0)+IFERROR(VALUE(TRIM(MID(SUBSTITUTE(SUBSTITUTE(SUBSTITUTE(UPPER($H6)," ",""),"D",""),";",REPT(" ",30)),121,30))),0)+IFERROR(VALUE(TRIM(MID(SUBSTITUTE(SUBSTITUTE(SUBSTITUTE(UPPER($H6)," ",""),"D",""),";",REPT(" ",30)),151,30))),0)+IFERROR(VALUE(TRIM(MID(SUBSTITUTE(SUBSTITUTE(SUBSTITUTE(UPPER($H6)," ",""),"D",""),";",REPT(" ",30)),181,30))),0)+IFERROR(VALUE(TRIM(MID(SUBSTITUTE(SUBSTITUTE(SUBSTITUTE(UPPER($H6)," ",""),"D",""),";",REPT(" ",30)),211,30))),0))))) | N6: =IF($C6="","",IF($E6="Falta","-",MAX(0,MIN(10,8+IFERROR(VALUE(TRIM(MID(SUBSTITUTE(SUBSTITUTE(SUBSTITUTE(UPPER($L6)," ",""),"F",""),";",REPT(" ",30)),1,30))),0)+IFERROR(VALUE(TRIM(MID(SUBSTITUTE(SUBSTITUTE(SUBSTITUTE(UPPER($L6)," ",""),"F",""),";",REPT(" ",30)),31,30))),0)+IFERROR(VALUE(TRIM(MID(SUBSTITUTE(SUBSTITUTE(SUBSTITUTE(UPPER($L6)," ",""),"F",""),";",REPT(" ",30)),61,30))),0)+IFERROR(VALUE(TRIM(MID(SUBSTITUTE(SUBSTITUTE(SUBSTITUTE(UPPER($L6)," ",""),"F",""),";",REPT(" ",30)),91,30))),0)+IFERROR(VALUE(TRIM(MID(SUBSTITUTE(SUBSTITUTE(SUBSTITUTE(UPPER($L6)," ",""),"F",""),";",REPT(" ",30)),121,30))),0)+IFERROR(VALUE(TRIM(MID(SUBSTITUTE(SUBSTITUTE(SUBSTITUTE(UPPER($L6)," ",""),"F",""),";",REPT(" ",30)),151,30))),0)+IFERROR(VALUE(TRIM(MID(SUBSTITUTE(SUBSTITUTE(SUBSTITUTE(UPPER($L6)," ",""),"F",""),";",REPT(" ",30)),181,30))),0)+IFERROR(VALUE(TRIM(MID(SUBSTITUTE(SUBSTITUTE(SUBSTITUTE(UPPER($L6)," ",""),"F",""),";",REPT(" ",30)),211,30))),0))))) | R6: =IF($C6="","",IF($E6="Falta","-",MAX(0,MIN(10,5+IFERROR(VALUE(TRIM(MID(SUBSTITUTE(SUBSTITUTE(SUBSTITUTE(UPPER($P6)," ",""),"C",""),";",REPT(" ",30)),1,30))),0)+IFERROR(VALUE(TRIM(MID(SUBSTITUTE(SUBSTITUTE(SUBSTITUTE(UPPER($P6)," ",""),"C",""),";",REPT(" ",30)),31,30))),0)+IFERROR(VALUE(TRIM(MID(SUBSTITUTE(SUBSTITUTE(SUBSTITUTE(UPPER($P6)," ",""),"C",""),";",REPT(" ",30)),61,30))),0)+IFERROR(VALUE(TRIM(MID(SUBSTITUTE(SUBSTITUTE(SUBSTITUTE(UPPER($P6)," ",""),"C",""),";",REPT(" ",30)),91,30))),0)+IFERROR(VALUE(TRIM(MID(SUBSTITUTE(SUBSTITUTE(SUBSTITUTE(UPPER($P6)," ",""),"C",""),";",REPT(" ",30)),121,30))),0)+IFERROR(VALUE(TRIM(MID(SUBSTITUTE(SUBSTITUTE(SUBSTITUTE(UPPER($P6)," ",""),"C",""),";",REPT(" ",30)),151,30))),0)+IFERROR(VALUE(TRIM(MID(SUBSTITUTE(SUBSTITUTE(SUBSTITUTE(UPPER($P6)," ",""),"C",""),";",REPT(" ",30)),181,30))),0)+IFERROR(VALUE(TRIM(MID(SUBSTITUTE(SUBSTITUTE(SUBSTITUTE(UPPER($P6)," ",""),"C",""),";",REPT(" ",30)),211,30))),0))))) | V6: =IF($C6="","",IF($E6="Falta","-",MAX(0,MIN(10,5+IFERROR(VALUE(TRIM(MID(SUBSTITUTE(SUBSTITUTE(SUBSTITUTE(UPPER($T6)," ",""),"P",""),";",REPT(" ",30)),1,30))),0)+IFERROR(VALUE(TRIM(MID(SUBSTITUTE(SUBSTITUTE(SUBSTITUTE(UPPER($T6)," ",""),"P",""),";",REPT(" ",30)),31,30))),0)+IFERROR(VALUE(TRIM(MID(SUBSTITUTE(SUBSTITUTE(SUBSTITUTE(UPPER($T6)," ",""),"P",""),";",REPT(" ",30)),61,30))),0)+IFERROR(VALUE(TRIM(MID(SUBSTITUTE(SUBSTITUTE(SUBSTITUTE(UPPER($T6)," ",""),"P",""),";",REPT(" ",30)),91,30))),0)+IFERROR(VALUE(TRIM(MID(SUBSTITUTE(SUBSTITUTE(SUBSTITUTE(UPPER($T6)," ",""),"P",""),";",REPT(" ",30)),121,30))),0)+IFERROR(VALUE(TRIM(MID(SUBSTITUTE(SUBSTITUTE(SUBSTITUTE(UPPER($T6)," ",""),"P",""),";",REPT(" ",30)),151,30))),0)+IFERROR(VALUE(TRIM(MID(SUBSTITUTE(SUBSTITUTE(SUBSTITUTE(UPPER($T6)," ",""),"P",""),";",REPT(" ",30)),181,30))),0)+IFERROR(VALUE(TRIM(MID(SUBSTITUTE(SUBSTITUTE(SUBSTITUTE(UPPER($T6)," ",""),"P",""),";",REPT(" ",30)),211,30))),0)))))
A7: =IF($C7="","",1) | B7: =IF($C7="","","4ª Sessão") | C7: =IF(Preenchimento!$B$10="","",Preenchimento!$B$10) | D7: =IF($C7="","",IF(Preenchimento!$C$10="","-",Preenchimento!$C$10)) | J7: =IF($C7="","",IF($E7="Falta","-",MAX(0,MIN(10,8+IFERROR(VALUE(TRIM(MID(SUBSTITUTE(SUBSTITUTE(SUBSTITUTE(UPPER($H7)," ",""),"D",""),";",REPT(" ",30)),1,30))),0)+IFERROR(VALUE(TRIM(MID(SUBSTITUTE(SUBSTITUTE(SUBSTITUTE(UPPER($H7)," ",""),"D",""),";",REPT(" ",30)),31,30))),0)+IFERROR(VALUE(TRIM(MID(SUBSTITUTE(SUBSTITUTE(SUBSTITUTE(UPPER($H7)," ",""),"D",""),";",REPT(" ",30)),61,30))),0)+IFERROR(VALUE(TRIM(MID(SUBSTITUTE(SUBSTITUTE(SUBSTITUTE(UPPER($H7)," ",""),"D",""),";",REPT(" ",30)),91,30))),0)+IFERROR(VALUE(TRIM(MID(SUBSTITUTE(SUBSTITUTE(SUBSTITUTE(UPPER($H7)," ",""),"D",""),";",REPT(" ",30)),121,30))),0)+IFERROR(VALUE(TRIM(MID(SUBSTITUTE(SUBSTITUTE(SUBSTITUTE(UPPER($H7)," ",""),"D",""),";",REPT(" ",30)),151,30))),0)+IFERROR(VALUE(TRIM(MID(SUBSTITUTE(SUBSTITUTE(SUBSTITUTE(UPPER($H7)," ",""),"D",""),";",REPT(" ",30)),181,30))),0)+IFERROR(VALUE(TRIM(MID(SUBSTITUTE(SUBSTITUTE(SUBSTITUTE(UPPER($H7)," ",""),"D",""),";",REPT(" ",30)),211,30))),0))))) | N7: =IF($C7="","",IF($E7="Falta","-",MAX(0,MIN(10,8+IFERROR(VALUE(TRIM(MID(SUBSTITUTE(SUBSTITUTE(SUBSTITUTE(UPPER($L7)," ",""),"F",""),";",REPT(" ",30)),1,30))),0)+IFERROR(VALUE(TRIM(MID(SUBSTITUTE(SUBSTITUTE(SUBSTITUTE(UPPER($L7)," ",""),"F",""),";",REPT(" ",30)),31,30))),0)+IFERROR(VALUE(TRIM(MID(SUBSTITUTE(SUBSTITUTE(SUBSTITUTE(UPPER($L7)," ",""),"F",""),";",REPT(" ",30)),61,30))),0)+IFERROR(VALUE(TRIM(MID(SUBSTITUTE(SUBSTITUTE(SUBSTITUTE(UPPER($L7)," ",""),"F",""),";",REPT(" ",30)),91,30))),0)+IFERROR(VALUE(TRIM(MID(SUBSTITUTE(SUBSTITUTE(SUBSTITUTE(UPPER($L7)," ",""),"F",""),";",REPT(" ",30)),121,30))),0)+IFERROR(VALUE(TRIM(MID(SUBSTITUTE(SUBSTITUTE(SUBSTITUTE(UPPER($L7)," ",""),"F",""),";",REPT(" ",30)),151,30))),0)+IFERROR(VALUE(TRIM(MID(SUBSTITUTE(SUBSTITUTE(SUBSTITUTE(UPPER($L7)," ",""),"F",""),";",REPT(" ",30)),181,30))),0)+IFERROR(VALUE(TRIM(MID(SUBSTITUTE(SUBSTITUTE(SUBSTITUTE(UPPER($L7)," ",""),"F",""),";",REPT(" ",30)),211,30))),0))))) | R7: =IF($C7="","",IF($E7="Falta","-",MAX(0,MIN(10,5+IFERROR(VALUE(TRIM(MID(SUBSTITUTE(SUBSTITUTE(SUBSTITUTE(UPPER($P7)," ",""),"C",""),";",REPT(" ",30)),1,30))),0)+IFERROR(VALUE(TRIM(MID(SUBSTITUTE(SUBSTITUTE(SUBSTITUTE(UPPER($P7)," ",""),"C",""),";",REPT(" ",30)),31,30))),0)+IFERROR(VALUE(TRIM(MID(SUBSTITUTE(SUBSTITUTE(SUBSTITUTE(UPPER($P7)," ",""),"C",""),";",REPT(" ",30)),61,30))),0)+IFERROR(VALUE(TRIM(MID(SUBSTITUTE(SUBSTITUTE(SUBSTITUTE(UPPER($P7)," ",""),"C",""),";",REPT(" ",30)),91,30))),0)+IFERROR(VALUE(TRIM(MID(SUBSTITUTE(SUBSTITUTE(SUBSTITUTE(UPPER($P7)," ",""),"C",""),";",REPT(" ",30)),121,30))),0)+IFERROR(VALUE(TRIM(MID(SUBSTITUTE(SUBSTITUTE(SUBSTITUTE(UPPER($P7)," ",""),"C",""),";",REPT(" ",30)),151,30))),0)+IFERROR(VALUE(TRIM(MID(SUBSTITUTE(SUBSTITUTE(SUBSTITUTE(UPPER($P7)," ",""),"C",""),";",REPT(" ",30)),181,30))),0)+IFERROR(VALUE(TRIM(MID(SUBSTITUTE(SUBSTITUTE(SUBSTITUTE(UPPER($P7)," ",""),"C",""),";",REPT(" ",30)),211,30))),0))))) | V7: =IF($C7="","",IF($E7="Falta","-",MAX(0,MIN(10,5+IFERROR(VALUE(TRIM(MID(SUBSTITUTE(SUBSTITUTE(SUBSTITUTE(UPPER($T7)," ",""),"P",""),";",REPT(" ",30)),1,30))),0)+IFERROR(VALUE(TRIM(MID(SUBSTITUTE(SUBSTITUTE(SUBSTITUTE(UPPER($T7)," ",""),"P",""),";",REPT(" ",30)),31,30))),0)+IFERROR(VALUE(TRIM(MID(SUBSTITUTE(SUBSTITUTE(SUBSTITUTE(UPPER($T7)," ",""),"P",""),";",REPT(" ",30)),61,30))),0)+IFERROR(VALUE(TRIM(MID(SUBSTITUTE(SUBSTITUTE(SUBSTITUTE(UPPER($T7)," ",""),"P",""),";",REPT(" ",30)),91,30))),0)+IFERROR(VALUE(TRIM(MID(SUBSTITUTE(SUBSTITUTE(SUBSTITUTE(UPPER($T7)," ",""),"P",""),";",REPT(" ",30)),121,30))),0)+IFERROR(VALUE(TRIM(MID(SUBSTITUTE(SUBSTITUTE(SUBSTITUTE(UPPER($T7)," ",""),"P",""),";",REPT(" ",30)),151,30))),0)+IFERROR(VALUE(TRIM(MID(SUBSTITUTE(SUBSTITUTE(SUBSTITUTE(UPPER($T7)," ",""),"P",""),";",REPT(" ",30)),181,30))),0)+IFERROR(VALUE(TRIM(MID(SUBSTITUTE(SUBSTITUTE(SUBSTITUTE(UPPER($T7)," ",""),"P",""),";",REPT(" ",30)),211,30))),0)))))
A8: =IF($C8="","",1) | B8: =IF($C8="","","5ª Sessão") | C8: =IF(Preenchimento!$B$10="","",Preenchimento!$B$10) | D8: =IF($C8="","",IF(Preenchimento!$C$10="","-",Preenchimento!$C$10)) | J8: =IF($C8="","",IF($E8="Falta","-",MAX(0,MIN(10,8+IFERROR(VALUE(TRIM(MID(SUBSTITUTE(SUBSTITUTE(SUBSTITUTE(UPPER($H8)," ",""),"D",""),";",REPT(" ",30)),1,30))),0)+IFERROR(VALUE(TRIM(MID(SUBSTITUTE(SUBSTITUTE(SUBSTITUTE(UPPER($H8)," ",""),"D",""),";",REPT(" ",30)),31,30))),0)+IFERROR(VALUE(TRIM(MID(SUBSTITUTE(SUBSTITUTE(SUBSTITUTE(UPPER($H8)," ",""),"D",""),";",REPT(" ",30)),61,30))),0)+IFERROR(VALUE(TRIM(MID(SUBSTITUTE(SUBSTITUTE(SUBSTITUTE(UPPER($H8)," ",""),"D",""),";",REPT(" ",30)),91,30))),0)+IFERROR(VALUE(TRIM(MID(SUBSTITUTE(SUBSTITUTE(SUBSTITUTE(UPPER($H8)," ",""),"D",""),";",REPT(" ",30)),121,30))),0)+IFERROR(VALUE(TRIM(MID(SUBSTITUTE(SUBSTITUTE(SUBSTITUTE(UPPER($H8)," ",""),"D",""),";",REPT(" ",30)),151,30))),0)+IFERROR(VALUE(TRIM(MID(SUBSTITUTE(SUBSTITUTE(SUBSTITUTE(UPPER($H8)," ",""),"D",""),";",REPT(" ",30)),181,30))),0)+IFERROR(VALUE(TRIM(MID(SUBSTITUTE(SUBSTITUTE(SUBSTITUTE(UPPER($H8)," ",""),"D",""),";",REPT(" ",30)),211,30))),0))))) | N8: =IF($C8="","",IF($E8="Falta","-",MAX(0,MIN(10,8+IFERROR(VALUE(TRIM(MID(SUBSTITUTE(SUBSTITUTE(SUBSTITUTE(UPPER($L8)," ",""),"F",""),";",REPT(" ",30)),1,30))),0)+IFERROR(VALUE(TRIM(MID(SUBSTITUTE(SUBSTITUTE(SUBSTITUTE(UPPER($L8)," ",""),"F",""),";",REPT(" ",30)),31,30))),0)+IFERROR(VALUE(TRIM(MID(SUBSTITUTE(SUBSTITUTE(SUBSTITUTE(UPPER($L8)," ",""),"F",""),";",REPT(" ",30)),61,30))),0)+IFERROR(VALUE(TRIM(MID(SUBSTITUTE(SUBSTITUTE(SUBSTITUTE(UPPER($L8)," ",""),"F",""),";",REPT(" ",30)),91,30))),0)+IFERROR(VALUE(TRIM(MID(SUBSTITUTE(SUBSTITUTE(SUBSTITUTE(UPPER($L8)," ",""),"F",""),";",REPT(" ",30)),121,30))),0)+IFERROR(VALUE(TRIM(MID(SUBSTITUTE(SUBSTITUTE(SUBSTITUTE(UPPER($L8)," ",""),"F",""),";",REPT(" ",30)),151,30))),0)+IFERROR(VALUE(TRIM(MID(SUBSTITUTE(SUBSTITUTE(SUBSTITUTE(UPPER($L8)," ",""),"F",""),";",REPT(" ",30)),181,30))),0)+IFERROR(VALUE(TRIM(MID(SUBSTITUTE(SUBSTITUTE(SUBSTITUTE(UPPER($L8)," ",""),"F",""),";",REPT(" ",30)),211,30))),0))))) | R8: =IF($C8="","",IF($E8="Falta","-",MAX(0,MIN(10,5+IFERROR(VALUE(TRIM(MID(SUBSTITUTE(SUBSTITUTE(SUBSTITUTE(UPPER($P8)," ",""),"C",""),";",REPT(" ",30)),1,30))),0)+IFERROR(VALUE(TRIM(MID(SUBSTITUTE(SUBSTITUTE(SUBSTITUTE(UPPER($P8)," ",""),"C",""),";",REPT(" ",30)),31,30))),0)+IFERROR(VALUE(TRIM(MID(SUBSTITUTE(SUBSTITUTE(SUBSTITUTE(UPPER($P8)," ",""),"C",""),";",REPT(" ",30)),61,30))),0)+IFERROR(VALUE(TRIM(MID(SUBSTITUTE(SUBSTITUTE(SUBSTITUTE(UPPER($P8)," ",""),"C",""),";",REPT(" ",30)),91,30))),0)+IFERROR(VALUE(TRIM(MID(SUBSTITUTE(SUBSTITUTE(SUBSTITUTE(UPPER($P8)," ",""),"C",""),";",REPT(" ",30)),121,30))),0)+IFERROR(VALUE(TRIM(MID(SUBSTITUTE(SUBSTITUTE(SUBSTITUTE(UPPER($P8)," ",""),"C",""),";",REPT(" ",30)),151,30))),0)+IFERROR(VALUE(TRIM(MID(SUBSTITUTE(SUBSTITUTE(SUBSTITUTE(UPPER($P8)," ",""),"C",""),";",REPT(" ",30)),181,30))),0)+IFERROR(VALUE(TRIM(MID(SUBSTITUTE(SUBSTITUTE(SUBSTITUTE(UPPER($P8)," ",""),"C",""),";",REPT(" ",30)),211,30))),0))))) | V8: =IF($C8="","",IF($E8="Falta","-",MAX(0,MIN(10,5+IFERROR(VALUE(TRIM(MID(SUBSTITUTE(SUBSTITUTE(SUBSTITUTE(UPPER($T8)," ",""),"P",""),";",REPT(" ",30)),1,30))),0)+IFERROR(VALUE(TRIM(MID(SUBSTITUTE(SUBSTITUTE(SUBSTITUTE(UPPER($T8)," ",""),"P",""),";",REPT(" ",30)),31,30))),0)+IFERROR(VALUE(TRIM(MID(SUBSTITUTE(SUBSTITUTE(SUBSTITUTE(UPPER($T8)," ",""),"P",""),";",REPT(" ",30)),61,30))),0)+IFERROR(VALUE(TRIM(MID(SUBSTITUTE(SUBSTITUTE(SUBSTITUTE(UPPER($T8)," ",""),"P",""),";",REPT(" ",30)),91,30))),0)+IFERROR(VALUE(TRIM(MID(SUBSTITUTE(SUBSTITUTE(SUBSTITUTE(UPPER($T8)," ",""),"P",""),";",REPT(" ",30)),121,30))),0)+IFERROR(VALUE(TRIM(MID(SUBSTITUTE(SUBSTITUTE(SUBSTITUTE(UPPER($T8)," ",""),"P",""),";",REPT(" ",30)),151,30))),0)+IFERROR(VALUE(TRIM(MID(SUBSTITUTE(SUBSTITUTE(SUBSTITUTE(UPPER($T8)," ",""),"P",""),";",REPT(" ",30)),181,30))),0)+IFERROR(VALUE(TRIM(MID(SUBSTITUTE(SUBSTITUTE(SUBSTITUTE(UPPER($T8)," ",""),"P",""),";",REPT(" ",30)),211,30))),0)))))
A9: =IF($C9="","",2) | B9: =IF($C9="","","1ª Sessão") | C9: =IF(Preenchimento!$B$11="","",Preenchimento!$B$11) | D9: =IF($C9="","",IF(Preenchimento!$C$11="","-",Preenchimento!$C$11)) | J9: =IF($C9="","",IF($E9="Falta","-",MAX(0,MIN(10,8+IFERROR(VALUE(TRIM(MID(SUBSTITUTE(SUBSTITUTE(SUBSTITUTE(UPPER($H9)," ",""),"D",""),";",REPT(" ",30)),1,30))),0)+IFERROR(VALUE(TRIM(MID(SUBSTITUTE(SUBSTITUTE(SUBSTITUTE(UPPER($H9)," ",""),"D",""),";",REPT(" ",30)),31,30))),0)+IFERROR(VALUE(TRIM(MID(SUBSTITUTE(SUBSTITUTE(SUBSTITUTE(UPPER($H9)," ",""),"D",""),";",REPT(" ",30)),61,30))),0)+IFERROR(VALUE(TRIM(MID(SUBSTITUTE(SUBSTITUTE(SUBSTITUTE(UPPER($H9)," ",""),"D",""),";",REPT(" ",30)),91,30))),0)+IFERROR(VALUE(TRIM(MID(SUBSTITUTE(SUBSTITUTE(SUBSTITUTE(UPPER($H9)," ",""),"D",""),";",REPT(" ",30)),121,30))),0)+IFERROR(VALUE(TRIM(MID(SUBSTITUTE(SUBSTITUTE(SUBSTITUTE(UPPER($H9)," ",""),"D",""),";",REPT(" ",30)),151,30))),0)+IFERROR(VALUE(TRIM(MID(SUBSTITUTE(SUBSTITUTE(SUBSTITUTE(UPPER($H9)," ",""),"D",""),";",REPT(" ",30)),181,30))),0)+IFERROR(VALUE(TRIM(MID(SUBSTITUTE(SUBSTITUTE(SUBSTITUTE(UPPER($H9)," ",""),"D",""),";",REPT(" ",30)),211,30))),0))))) | N9: =IF($C9="","",IF($E9="Falta","-",MAX(0,MIN(10,8+IFERROR(VALUE(TRIM(MID(SUBSTITUTE(SUBSTITUTE(SUBSTITUTE(UPPER($L9)," ",""),"F",""),";",REPT(" ",30)),1,30))),0)+IFERROR(VALUE(TRIM(MID(SUBSTITUTE(SUBSTITUTE(SUBSTITUTE(UPPER($L9)," ",""),"F",""),";",REPT(" ",30)),31,30))),0)+IFERROR(VALUE(TRIM(MID(SUBSTITUTE(SUBSTITUTE(SUBSTITUTE(UPPER($L9)," ",""),"F",""),";",REPT(" ",30)),61,30))),0)+IFERROR(VALUE(TRIM(MID(SUBSTITUTE(SUBSTITUTE(SUBSTITUTE(UPPER($L9)," ",""),"F",""),";",REPT(" ",30)),91,30))),0)+IFERROR(VALUE(TRIM(MID(SUBSTITUTE(SUBSTITUTE(SUBSTITUTE(UPPER($L9)," ",""),"F",""),";",REPT(" ",30)),121,30))),0)+IFERROR(VALUE(TRIM(MID(SUBSTITUTE(SUBSTITUTE(SUBSTITUTE(UPPER($L9)," ",""),"F",""),";",REPT(" ",30)),151,30))),0)+IFERROR(VALUE(TRIM(MID(SUBSTITUTE(SUBSTITUTE(SUBSTITUTE(UPPER($L9)," ",""),"F",""),";",REPT(" ",30)),181,30))),0)+IFERROR(VALUE(TRIM(MID(SUBSTITUTE(SUBSTITUTE(SUBSTITUTE(UPPER($L9)," ",""),"F",""),";",REPT(" ",30)),211,30))),0))))) | R9: =IF($C9="","",IF($E9="Falta","-",MAX(0,MIN(10,5+IFERROR(VALUE(TRIM(MID(SUBSTITUTE(SUBSTITUTE(SUBSTITUTE(UPPER($P9)," ",""),"C",""),";",REPT(" ",30)),1,30))),0)+IFERROR(VALUE(TRIM(MID(SUBSTITUTE(SUBSTITUTE(SUBSTITUTE(UPPER($P9)," ",""),"C",""),";",REPT(" ",30)),31,30))),0)+IFERROR(VALUE(TRIM(MID(SUBSTITUTE(SUBSTITUTE(SUBSTITUTE(UPPER($P9)," ",""),"C",""),";",REPT(" ",30)),61,30))),0)+IFERROR(VALUE(TRIM(MID(SUBSTITUTE(SUBSTITUTE(SUBSTITUTE(UPPER($P9)," ",""),"C",""),";",REPT(" ",30)),91,30))),0)+IFERROR(VALUE(TRIM(MID(SUBSTITUTE(SUBSTITUTE(SUBSTITUTE(UPPER($P9)," ",""),"C",""),";",REPT(" ",30)),121,30))),0)+IFERROR(VALUE(TRIM(MID(SUBSTITUTE(SUBSTITUTE(SUBSTITUTE(UPPER($P9)," ",""),"C",""),";",REPT(" ",30)),151,30))),0)+IFERROR(VALUE(TRIM(MID(SUBSTITUTE(SUBSTITUTE(SUBSTITUTE(UPPER($P9)," ",""),"C",""),";",REPT(" ",30)),181,30))),0)+IFERROR(VALUE(TRIM(MID(SUBSTITUTE(SUBSTITUTE(SUBSTITUTE(UPPER($P9)," ",""),"C",""),";",REPT(" ",30)),211,30))),0))))) | V9: =IF($C9="","",IF($E9="Falta","-",MAX(0,MIN(10,5+IFERROR(VALUE(TRIM(MID(SUBSTITUTE(SUBSTITUTE(SUBSTITUTE(UPPER($T9)," ",""),"P",""),";",REPT(" ",30)),1,30))),0)+IFERROR(VALUE(TRIM(MID(SUBSTITUTE(SUBSTITUTE(SUBSTITUTE(UPPER($T9)," ",""),"P",""),";",REPT(" ",30)),31,30))),0)+IFERROR(VALUE(TRIM(MID(SUBSTITUTE(SUBSTITUTE(SUBSTITUTE(UPPER($T9)," ",""),"P",""),";",REPT(" ",30)),61,30))),0)+IFERROR(VALUE(TRIM(MID(SUBSTITUTE(SUBSTITUTE(SUBSTITUTE(UPPER($T9)," ",""),"P",""),";",REPT(" ",30)),91,30))),0)+IFERROR(VALUE(TRIM(MID(SUBSTITUTE(SUBSTITUTE(SUBSTITUTE(UPPER($T9)," ",""),"P",""),";",REPT(" ",30)),121,30))),0)+IFERROR(VALUE(TRIM(MID(SUBSTITUTE(SUBSTITUTE(SUBSTITUTE(UPPER($T9)," ",""),"P",""),";",REPT(" ",30)),151,30))),0)+IFERROR(VALUE(TRIM(MID(SUBSTITUTE(SUBSTITUTE(SUBSTITUTE(UPPER($T9)," ",""),"P",""),";",REPT(" ",30)),181,30))),0)+IFERROR(VALUE(TRIM(MID(SUBSTITUTE(SUBSTITUTE(SUBSTITUTE(UPPER($T9)," ",""),"P",""),";",REPT(" ",30)),211,30))),0)))))
A10: =IF($C10="","",2) | B10: =IF($C10="","","2ª Sessão") | C10: =IF(Preenchimento!$B$11="","",Preenchimento!$B$11) | D10: =IF($C10="","",IF(Preenchimento!$C$11="","-",Preenchimento!$C$11)) | J10: =IF($C10="","",IF($E10="Falta","-",MAX(0,MIN(10,8+IFERROR(VALUE(TRIM(MID(SUBSTITUTE(SUBSTITUTE(SUBSTITUTE(UPPER($H10)," ",""),"D",""),";",REPT(" ",30)),1,30))),0)+IFERROR(VALUE(TRIM(MID(SUBSTITUTE(SUBSTITUTE(SUBSTITUTE(UPPER($H10)," ",""),"D",""),";",REPT(" ",30)),31,30))),0)+IFERROR(VALUE(TRIM(MID(SUBSTITUTE(SUBSTITUTE(SUBSTITUTE(UPPER($H10)," ",""),"D",""),";",REPT(" ",30)),61,30))),0)+IFERROR(VALUE(TRIM(MID(SUBSTITUTE(SUBSTITUTE(SUBSTITUTE(UPPER($H10)," ",""),"D",""),";",REPT(" ",30)),91,30))),0)+IFERROR(VALUE(TRIM(MID(SUBSTITUTE(SUBSTITUTE(SUBSTITUTE(UPPER($H10)," ",""),"D",""),";",REPT(" ",30)),121,30))),0)+IFERROR(VALUE(TRIM(MID(SUBSTITUTE(SUBSTITUTE(SUBSTITUTE(UPPER($H10)," ",""),"D",""),";",REPT(" ",30)),151,30))),0)+IFERROR(VALUE(TRIM(MID(SUBSTITUTE(SUBSTITUTE(SUBSTITUTE(UPPER($H10)," ",""),"D",""),";",REPT(" ",30)),181,30))),0)+IFERROR(VALUE(TRIM(MID(SUBSTITUTE(SUBSTITUTE(SUBSTITUTE(UPPER($H10)," ",""),"D",""),";",REPT(" ",30)),211,30))),0))))) | N10: =IF($C10="","",IF($E10="Falta","-",MAX(0,MIN(10,8+IFERROR(VALUE(TRIM(MID(SUBSTITUTE(SUBSTITUTE(SUBSTITUTE(UPPER($L10)," ",""),"F",""),";",REPT(" ",30)),1,30))),0)+IFERROR(VALUE(TRIM(MID(SUBSTITUTE(SUBSTITUTE(SUBSTITUTE(UPPER($L10)," ",""),"F",""),";",REPT(" ",30)),31,30))),0)+IFERROR(VALUE(TRIM(MID(SUBSTITUTE(SUBSTITUTE(SUBSTITUTE(UPPER($L10)," ",""),"F",""),";",REPT(" ",30)),61,30))),0)+IFERROR(VALUE(TRIM(MID(SUBSTITUTE(SUBSTITUTE(SUBSTITUTE(UPPER($L10)," ",""),"F",""),";",REPT(" ",30)),91,30))),0)+IFERROR(VALUE(TRIM(MID(SUBSTITUTE(SUBSTITUTE(SUBSTITUTE(UPPER($L10)," ",""),"F",""),";",REPT(" ",30)),121,30))),0)+IFERROR(VALUE(TRIM(MID(SUBSTITUTE(SUBSTITUTE(SUBSTITUTE(UPPER($L10)," ",""),"F",""),";",REPT(" ",30)),151,30))),0)+IFERROR(VALUE(TRIM(MID(SUBSTITUTE(SUBSTITUTE(SUBSTITUTE(UPPER($L10)," ",""),"F",""),";",REPT(" ",30)),181,30))),0)+IFERROR(VALUE(TRIM(MID(SUBSTITUTE(SUBSTITUTE(SUBSTITUTE(UPPER($L10)," ",""),"F",""),";",REPT(" ",30)),211,30))),0))))) | R10: =IF($C10="","",IF($E10="Falta","-",MAX(0,MIN(10,5+IFERROR(VALUE(TRIM(MID(SUBSTITUTE(SUBSTITUTE(SUBSTITUTE(UPPER($P10)," ",""),"C",""),";",REPT(" ",30)),1,30))),0)+IFERROR(VALUE(TRIM(MID(SUBSTITUTE(SUBSTITUTE(SUBSTITUTE(UPPER($P10)," ",""),"C",""),";",REPT(" ",30)),31,30))),0)+IFERROR(VALUE(TRIM(MID(SUBSTITUTE(SUBSTITUTE(SUBSTITUTE(UPPER($P10)," ",""),"C",""),";",REPT(" ",30)),61,30))),0)+IFERROR(VALUE(TRIM(MID(SUBSTITUTE(SUBSTITUTE(SUBSTITUTE(UPPER($P10)," ",""),"C",""),";",REPT(" ",30)),91,30))),0)+IFERROR(VALUE(TRIM(MID(SUBSTITUTE(SUBSTITUTE(SUBSTITUTE(UPPER($P10)," ",""),"C",""),";",REPT(" ",30)),121,30))),0)+IFERROR(VALUE(TRIM(MID(SUBSTITUTE(SUBSTITUTE(SUBSTITUTE(UPPER($P10)," ",""),"C",""),";",REPT(" ",30)),151,30))),0)+IFERROR(VALUE(TRIM(MID(SUBSTITUTE(SUBSTITUTE(SUBSTITUTE(UPPER($P10)," ",""),"C",""),";",REPT(" ",30)),181,30))),0)+IFERROR(VALUE(TRIM(MID(SUBSTITUTE(SUBSTITUTE(SUBSTITUTE(UPPER($P10)," ",""),"C",""),";",REPT(" ",30)),211,30))),0))))) | V10: =IF($C10="","",IF($E10="Falta","-",MAX(0,MIN(10,5+IFERROR(VALUE(TRIM(MID(SUBSTITUTE(SUBSTITUTE(SUBSTITUTE(UPPER($T10)," ",""),"P",""),";",REPT(" ",30)),1,30))),0)+IFERROR(VALUE(TRIM(MID(SUBSTITUTE(SUBSTITUTE(SUBSTITUTE(UPPER($T10)," ",""),"P",""),";",REPT(" ",30)),31,30))),0)+IFERROR(VALUE(TRIM(MID(SUBSTITUTE(SUBSTITUTE(SUBSTITUTE(UPPER($T10)," ",""),"P",""),";",REPT(" ",30)),61,30))),0)+IFERROR(VALUE(TRIM(MID(SUBSTITUTE(SUBSTITUTE(SUBSTITUTE(UPPER($T10)," ",""),"P",""),";",REPT(" ",30)),91,30))),0)+IFERROR(VALUE(TRIM(MID(SUBSTITUTE(SUBSTITUTE(SUBSTITUTE(UPPER($T10)," ",""),"P",""),";",REPT(" ",30)),121,30))),0)+IFERROR(VALUE(TRIM(MID(SUBSTITUTE(SUBSTITUTE(SUBSTITUTE(UPPER($T10)," ",""),"P",""),";",REPT(" ",30)),151,30))),0)+IFERROR(VALUE(TRIM(MID(SUBSTITUTE(SUBSTITUTE(SUBSTITUTE(UPPER($T10)," ",""),"P",""),";",REPT(" ",30)),181,30))),0)+IFERROR(VALUE(TRIM(MID(SUBSTITUTE(SUBSTITUTE(SUBSTITUTE(UPPER($T10)," ",""),"P",""),";",REPT(" ",30)),211,30))),0)))))
A11: =IF($C11="","",2) | B11: =IF($C11="","","3ª Sessão") | C11: =IF(Preenchimento!$B$11="","",Preenchimento!$B$11) | D11: =IF($C11="","",IF(Preenchimento!$C$11="","-",Preenchimento!$C$11)) | J11: =IF($C11="","",IF($E11="Falta","-",MAX(0,MIN(10,8+IFERROR(VALUE(TRIM(MID(SUBSTITUTE(SUBSTITUTE(SUBSTITUTE(UPPER($H11)," ",""),"D",""),";",REPT(" ",30)),1,30))),0)+IFERROR(VALUE(TRIM(MID(SUBSTITUTE(SUBSTITUTE(SUBSTITUTE(UPPER($H11)," ",""),"D",""),";",REPT(" ",30)),31,30))),0)+IFERROR(VALUE(TRIM(MID(SUBSTITUTE(SUBSTITUTE(SUBSTITUTE(UPPER($H11)," ",""),"D",""),";",REPT(" ",30)),61,30))),0)+IFERROR(VALUE(TRIM(MID(SUBSTITUTE(SUBSTITUTE(SUBSTITUTE(UPPER($H11)," ",""),"D",""),";",REPT(" ",30)),91,30))),0)+IFERROR(VALUE(TRIM(MID(SUBSTITUTE(SUBSTITUTE(SUBSTITUTE(UPPER($H11)," ",""),"D",""),";",REPT(" ",30)),121,30))),0)+IFERROR(VALUE(TRIM(MID(SUBSTITUTE(SUBSTITUTE(SUBSTITUTE(UPPER($H11)," ",""),"D",""),";",REPT(" ",30)),151,30))),0)+IFERROR(VALUE(TRIM(MID(SUBSTITUTE(SUBSTITUTE(SUBSTITUTE(UPPER($H11)," ",""),"D",""),";",REPT(" ",30)),181,30))),0)+IFERROR(VALUE(TRIM(MID(SUBSTITUTE(SUBSTITUTE(SUBSTITUTE(UPPER($H11)," ",""),"D",""),";",REPT(" ",30)),211,30))),0))))) | N11: =IF($C11="","",IF($E11="Falta","-",MAX(0,MIN(10,8+IFERROR(VALUE(TRIM(MID(SUBSTITUTE(SUBSTITUTE(SUBSTITUTE(UPPER($L11)," ",""),"F",""),";",REPT(" ",30)),1,30))),0)+IFERROR(VALUE(TRIM(MID(SUBSTITUTE(SUBSTITUTE(SUBSTITUTE(UPPER($L11)," ",""),"F",""),";",REPT(" ",30)),31,30))),0)+IFERROR(VALUE(TRIM(MID(SUBSTITUTE(SUBSTITUTE(SUBSTITUTE(UPPER($L11)," ",""),"F",""),";",REPT(" ",30)),61,30))),0)+IFERROR(VALUE(TRIM(MID(SUBSTITUTE(SUBSTITUTE(SUBSTITUTE(UPPER($L11)," ",""),"F",""),";",REPT(" ",30)),91,30))),0)+IFERROR(VALUE(TRIM(MID(SUBSTITUTE(SUBSTITUTE(SUBSTITUTE(UPPER($L11)," ",""),"F",""),";",REPT(" ",30)),121,30))),0)+IFERROR(VALUE(TRIM(MID(SUBSTITUTE(SUBSTITUTE(SUBSTITUTE(UPPER($L11)," ",""),"F",""),";",REPT(" ",30)),151,30))),0)+IFERROR(VALUE(TRIM(MID(SUBSTITUTE(SUBSTITUTE(SUBSTITUTE(UPPER($L11)," ",""),"F",""),";",REPT(" ",30)),181,30))),0)+IFERROR(VALUE(TRIM(MID(SUBSTITUTE(SUBSTITUTE(SUBSTITUTE(UPPER($L11)," ",""),"F",""),";",REPT(" ",30)),211,30))),0))))) | R11: =IF($C11="","",IF($E11="Falta","-",MAX(0,MIN(10,5+IFERROR(VALUE(TRIM(MID(SUBSTITUTE(SUBSTITUTE(SUBSTITUTE(UPPER($P11)," ",""),"C",""),";",REPT(" ",30)),1,30))),0)+IFERROR(VALUE(TRIM(MID(SUBSTITUTE(SUBSTITUTE(SUBSTITUTE(UPPER($P11)," ",""),"C",""),";",REPT(" ",30)),31,30))),0)+IFERROR(VALUE(TRIM(MID(SUBSTITUTE(SUBSTITUTE(SUBSTITUTE(UPPER($P11)," ",""),"C",""),";",REPT(" ",30)),61,30))),0)+IFERROR(VALUE(TRIM(MID(SUBSTITUTE(SUBSTITUTE(SUBSTITUTE(UPPER($P11)," ",""),"C",""),";",REPT(" ",30)),91,30))),0)+IFERROR(VALUE(TRIM(MID(SUBSTITUTE(SUBSTITUTE(SUBSTITUTE(UPPER($P11)," ",""),"C",""),";",REPT(" ",30)),121,30))),0)+IFERROR(VALUE(TRIM(MID(SUBSTITUTE(SUBSTITUTE(SUBSTITUTE(UPPER($P11)," ",""),"C",""),";",REPT(" ",30)),151,30))),0)+IFERROR(VALUE(TRIM(MID(SUBSTITUTE(SUBSTITUTE(SUBSTITUTE(UPPER($P11)," ",""),"C",""),";",REPT(" ",30)),181,30))),0)+IFERROR(VALUE(TRIM(MID(SUBSTITUTE(SUBSTITUTE(SUBSTITUTE(UPPER($P11)," ",""),"C",""),";",REPT(" ",30)),211,30))),0))))) | V11: =IF($C11="","",IF($E11="Falta","-",MAX(0,MIN(10,5+IFERROR(VALUE(TRIM(MID(SUBSTITUTE(SUBSTITUTE(SUBSTITUTE(UPPER($T11)," ",""),"P",""),";",REPT(" ",30)),1,30))),0)+IFERROR(VALUE(TRIM(MID(SUBSTITUTE(SUBSTITUTE(SUBSTITUTE(UPPER($T11)," ",""),"P",""),";",REPT(" ",30)),31,30))),0)+IFERROR(VALUE(TRIM(MID(SUBSTITUTE(SUBSTITUTE(SUBSTITUTE(UPPER($T11)," ",""),"P",""),";",REPT(" ",30)),61,30))),0)+IFERROR(VALUE(TRIM(MID(SUBSTITUTE(SUBSTITUTE(SUBSTITUTE(UPPER($T11)," ",""),"P",""),";",REPT(" ",30)),91,30))),0)+IFERROR(VALUE(TRIM(MID(SUBSTITUTE(SUBSTITUTE(SUBSTITUTE(UPPER($T11)," ",""),"P",""),";",REPT(" ",30)),121,30))),0)+IFERROR(VALUE(TRIM(MID(SUBSTITUTE(SUBSTITUTE(SUBSTITUTE(UPPER($T11)," ",""),"P",""),";",REPT(" ",30)),151,30))),0)+IFERROR(VALUE(TRIM(MID(SUBSTITUTE(SUBSTITUTE(SUBSTITUTE(UPPER($T11)," ",""),"P",""),";",REPT(" ",30)),181,30))),0)+IFERROR(VALUE(TRIM(MID(SUBSTITUTE(SUBSTITUTE(SUBSTITUTE(UPPER($T11)," ",""),"P",""),";",REPT(" ",30)),211,30))),0)))))
A12: =IF($C12="","",2) | B12: =IF($C12="","","4ª Sessão") | C12: =IF(Preenchimento!$B$11="","",Preenchimento!$B$11) | D12: =IF($C12="","",IF(Preenchimento!$C$11="","-",Preenchimento!$C$11)) | J12: =IF($C12="","",IF($E12="Falta","-",MAX(0,MIN(10,8+IFERROR(VALUE(TRIM(MID(SUBSTITUTE(SUBSTITUTE(SUBSTITUTE(UPPER($H12)," ",""),"D",""),";",REPT(" ",30)),1,30))),0)+IFERROR(VALUE(TRIM(MID(SUBSTITUTE(SUBSTITUTE(SUBSTITUTE(UPPER($H12)," ",""),"D",""),";",REPT(" ",30)),31,30))),0)+IFERROR(VALUE(TRIM(MID(SUBSTITUTE(SUBSTITUTE(SUBSTITUTE(UPPER($H12)," ",""),"D",""),";",REPT(" ",30)),61,30))),0)+IFERROR(VALUE(TRIM(MID(SUBSTITUTE(SUBSTITUTE(SUBSTITUTE(UPPER($H12)," ",""),"D",""),";",REPT(" ",30)),91,30))),0)+IFERROR(VALUE(TRIM(MID(SUBSTITUTE(SUBSTITUTE(SUBSTITUTE(UPPER($H12)," ",""),"D",""),";",REPT(" ",30)),121,30))),0)+IFERROR(VALUE(TRIM(MID(SUBSTITUTE(SUBSTITUTE(SUBSTITUTE(UPPER($H12)," ",""),"D",""),";",REPT(" ",30)),151,30))),0)+IFERROR(VALUE(TRIM(MID(SUBSTITUTE(SUBSTITUTE(SUBSTITUTE(UPPER($H12)," ",""),"D",""),";",REPT(" ",30)),181,30))),0)+IFERROR(VALUE(TRIM(MID(SUBSTITUTE(SUBSTITUTE(SUBSTITUTE(UPPER($H12)," ",""),"D",""),";",REPT(" ",30)),211,30))),0))))) | N12: =IF($C12="","",IF($E12="Falta","-",MAX(0,MIN(10,8+IFERROR(VALUE(TRIM(MID(SUBSTITUTE(SUBSTITUTE(SUBSTITUTE(UPPER($L12)," ",""),"F",""),";",REPT(" ",30)),1,30))),0)+IFERROR(VALUE(TRIM(MID(SUBSTITUTE(SUBSTITUTE(SUBSTITUTE(UPPER($L12)," ",""),"F",""),";",REPT(" ",30)),31,30))),0)+IFERROR(VALUE(TRIM(MID(SUBSTITUTE(SUBSTITUTE(SUBSTITUTE(UPPER($L12)," ",""),"F",""),";",REPT(" ",30)),61,30))),0)+IFERROR(VALUE(TRIM(MID(SUBSTITUTE(SUBSTITUTE(SUBSTITUTE(UPPER($L12)," ",""),"F",""),";",REPT(" ",30)),91,30))),0)+IFERROR(VALUE(TRIM(MID(SUBSTITUTE(SUBSTITUTE(SUBSTITUTE(UPPER($L12)," ",""),"F",""),";",REPT(" ",30)),121,30))),0)+IFERROR(VALUE(TRIM(MID(SUBSTITUTE(SUBSTITUTE(SUBSTITUTE(UPPER($L12)," ",""),"F",""),";",REPT(" ",30)),151,30))),0)+IFERROR(VALUE(TRIM(MID(SUBSTITUTE(SUBSTITUTE(SUBSTITUTE(UPPER($L12)," ",""),"F",""),";",REPT(" ",30)),181,30))),0)+IFERROR(VALUE(TRIM(MID(SUBSTITUTE(SUBSTITUTE(SUBSTITUTE(UPPER($L12)," ",""),"F",""),";",REPT(" ",30)),211,30))),0))))) | R12: =IF($C12="","",IF($E12="Falta","-",MAX(0,MIN(10,5+IFERROR(VALUE(TRIM(MID(SUBSTITUTE(SUBSTITUTE(SUBSTITUTE(UPPER($P12)," ",""),"C",""),";",REPT(" ",30)),1,30))),0)+IFERROR(VALUE(TRIM(MID(SUBSTITUTE(SUBSTITUTE(SUBSTITUTE(UPPER($P12)," ",""),"C",""),";",REPT(" ",30)),31,30))),0)+IFERROR(VALUE(TRIM(MID(SUBSTITUTE(SUBSTITUTE(SUBSTITUTE(UPPER($P12)," ",""),"C",""),";",REPT(" ",30)),61,30))),0)+IFERROR(VALUE(TRIM(MID(SUBSTITUTE(SUBSTITUTE(SUBSTITUTE(UPPER($P12)," ",""),"C",""),";",REPT(" ",30)),91,30))),0)+IFERROR(VALUE(TRIM(MID(SUBSTITUTE(SUBSTITUTE(SUBSTITUTE(UPPER($P12)," ",""),"C",""),";",REPT(" ",30)),121,30))),0)+IFERROR(VALUE(TRIM(MID(SUBSTITUTE(SUBSTITUTE(SUBSTITUTE(UPPER($P12)," ",""),"C",""),";",REPT(" ",30)),151,30))),0)+IFERROR(VALUE(TRIM(MID(SUBSTITUTE(SUBSTITUTE(SUBSTITUTE(UPPER($P12)," ",""),"C",""),";",REPT(" ",30)),181,30))),0)+IFERROR(VALUE(TRIM(MID(SUBSTITUTE(SUBSTITUTE(SUBSTITUTE(UPPER($P12)," ",""),"C",""),";",REPT(" ",30)),211,30))),0))))) | V12: =IF($C12="","",IF($E12="Falta","-",MAX(0,MIN(10,5+IFERROR(VALUE(TRIM(MID(SUBSTITUTE(SUBSTITUTE(SUBSTITUTE(UPPER($T12)," ",""),"P",""),";",REPT(" ",30)),1,30))),0)+IFERROR(VALUE(TRIM(MID(SUBSTITUTE(SUBSTITUTE(SUBSTITUTE(UPPER($T12)," ",""),"P",""),";",REPT(" ",30)),31,30))),0)+IFERROR(VALUE(TRIM(MID(SUBSTITUTE(SUBSTITUTE(SUBSTITUTE(UPPER($T12)," ",""),"P",""),";",REPT(" ",30)),61,30))),0)+IFERROR(VALUE(TRIM(MID(SUBSTITUTE(SUBSTITUTE(SUBSTITUTE(UPPER($T12)," ",""),"P",""),";",REPT(" ",30)),91,30))),0)+IFERROR(VALUE(TRIM(MID(SUBSTITUTE(SUBSTITUTE(SUBSTITUTE(UPPER($T12)," ",""),"P",""),";",REPT(" ",30)),121,30))),0)+IFERROR(VALUE(TRIM(MID(SUBSTITUTE(SUBSTITUTE(SUBSTITUTE(UPPER($T12)," ",""),"P",""),";",REPT(" ",30)),151,30))),0)+IFERROR(VALUE(TRIM(MID(SUBSTITUTE(SUBSTITUTE(SUBSTITUTE(UPPER($T12)," ",""),"P",""),";",REPT(" ",30)),181,30))),0)+IFERROR(VALUE(TRIM(MID(SUBSTITUTE(SUBSTITUTE(SUBSTITUTE(UPPER($T12)," ",""),"P",""),";",REPT(" ",30)),211,30))),0)))))
A13: =IF($C13="","",2) | B13: =IF($C13="","","5ª Sessão") | C13: =IF(Preenchimento!$B$11="","",Preenchimento!$B$11) | D13: =IF($C13="","",IF(Preenchimento!$C$11="","-",Preenchimento!$C$11)) | J13: =IF($C13="","",IF($E13="Falta","-",MAX(0,MIN(10,8+IFERROR(VALUE(TRIM(MID(SUBSTITUTE(SUBSTITUTE(SUBSTITUTE(UPPER($H13)," ",""),"D",""),";",REPT(" ",30)),1,30))),0)+IFERROR(VALUE(TRIM(MID(SUBSTITUTE(SUBSTITUTE(SUBSTITUTE(UPPER($H13)," ",""),"D",""),";",REPT(" ",30)),31,30))),0)+IFERROR(VALUE(TRIM(MID(SUBSTITUTE(SUBSTITUTE(SUBSTITUTE(UPPER($H13)," ",""),"D",""),";",REPT(" ",30)),61,30))),0)+IFERROR(VALUE(TRIM(MID(SUBSTITUTE(SUBSTITUTE(SUBSTITUTE(UPPER($H13)," ",""),"D",""),";",REPT(" ",30)),91,30))),0)+IFERROR(VALUE(TRIM(MID(SUBSTITUTE(SUBSTITUTE(SUBSTITUTE(UPPER($H13)," ",""),"D",""),";",REPT(" ",30)),121,30))),0)+IFERROR(VALUE(TRIM(MID(SUBSTITUTE(SUBSTITUTE(SUBSTITUTE(UPPER($H13)," ",""),"D",""),";",REPT(" ",30)),151,30))),0)+IFERROR(VALUE(TRIM(MID(SUBSTITUTE(SUBSTITUTE(SUBSTITUTE(UPPER($H13)," ",""),"D",""),";",REPT(" ",30)),181,30))),0)+IFERROR(VALUE(TRIM(MID(SUBSTITUTE(SUBSTITUTE(SUBSTITUTE(UPPER($H13)," ",""),"D",""),";",REPT(" ",30)),211,30))),0))))) | N13: =IF($C13="","",IF($E13="Falta","-",MAX(0,MIN(10,8+IFERROR(VALUE(TRIM(MID(SUBSTITUTE(SUBSTITUTE(SUBSTITUTE(UPPER($L13)," ",""),"F",""),";",REPT(" ",30)),1,30))),0)+IFERROR(VALUE(TRIM(MID(SUBSTITUTE(SUBSTITUTE(SUBSTITUTE(UPPER($L13)," ",""),"F",""),";",REPT(" ",30)),31,30))),0)+IFERROR(VALUE(TRIM(MID(SUBSTITUTE(SUBSTITUTE(SUBSTITUTE(UPPER($L13)," ",""),"F",""),";",REPT(" ",30)),61,30))),0)+IFERROR(VALUE(TRIM(MID(SUBSTITUTE(SUBSTITUTE(SUBSTITUTE(UPPER($L13)," ",""),"F",""),";",REPT(" ",30)),91,30))),0)+IFERROR(VALUE(TRIM(MID(SUBSTITUTE(SUBSTITUTE(SUBSTITUTE(UPPER($L13)," ",""),"F",""),";",REPT(" ",30)),121,30))),0)+IFERROR(VALUE(TRIM(MID(SUBSTITUTE(SUBSTITUTE(SUBSTITUTE(UPPER($L13)," ",""),"F",""),";",REPT(" ",30)),151,30))),0)+IFERROR(VALUE(TRIM(MID(SUBSTITUTE(SUBSTITUTE(SUBSTITUTE(UPPER($L13)," ",""),"F",""),";",REPT(" ",30)),181,30))),0)+IFERROR(VALUE(TRIM(MID(SUBSTITUTE(SUBSTITUTE(SUBSTITUTE(UPPER($L13)," ",""),"F",""),";",REPT(" ",30)),211,30))),0))))) | R13: =IF($C13="","",IF($E13="Falta","-",MAX(0,MIN(10,5+IFERROR(VALUE(TRIM(MID(SUBSTITUTE(SUBSTITUTE(SUBSTITUTE(UPPER($P13)," ",""),"C",""),";",REPT(" ",30)),1,30))),0)+IFERROR(VALUE(TRIM(MID(SUBSTITUTE(SUBSTITUTE(SUBSTITUTE(UPPER($P13)," ",""),"C",""),";",REPT(" ",30)),31,30))),0)+IFERROR(VALUE(TRIM(MID(SUBSTITUTE(SUBSTITUTE(SUBSTITUTE(UPPER($P13)," ",""),"C",""),";",REPT(" ",30)),61,30))),0)+IFERROR(VALUE(TRIM(MID(SUBSTITUTE(SUBSTITUTE(SUBSTITUTE(UPPER($P13)," ",""),"C",""),";",REPT(" ",30)),91,30))),0)+IFERROR(VALUE(TRIM(MID(SUBSTITUTE(SUBSTITUTE(SUBSTITUTE(UPPER($P13)," ",""),"C",""),";",REPT(" ",30)),121,30))),0)+IFERROR(VALUE(TRIM(MID(SUBSTITUTE(SUBSTITUTE(SUBSTITUTE(UPPER($P13)," ",""),"C",""),";",REPT(" ",30)),151,30))),0)+IFERROR(VALUE(TRIM(MID(SUBSTITUTE(SUBSTITUTE(SUBSTITUTE(UPPER($P13)," ",""),"C",""),";",REPT(" ",30)),181,30))),0)+IFERROR(VALUE(TRIM(MID(SUBSTITUTE(SUBSTITUTE(SUBSTITUTE(UPPER($P13)," ",""),"C",""),";",REPT(" ",30)),211,30))),0))))) | V13: =IF($C13="","",IF($E13="Falta","-",MAX(0,MIN(10,5+IFERROR(VALUE(TRIM(MID(SUBSTITUTE(SUBSTITUTE(SUBSTITUTE(UPPER($T13)," ",""),"P",""),";",REPT(" ",30)),1,30))),0)+IFERROR(VALUE(TRIM(MID(SUBSTITUTE(SUBSTITUTE(SUBSTITUTE(UPPER($T13)," ",""),"P",""),";",REPT(" ",30)),31,30))),0)+IFERROR(VALUE(TRIM(MID(SUBSTITUTE(SUBSTITUTE(SUBSTITUTE(UPPER($T13)," ",""),"P",""),";",REPT(" ",30)),61,30))),0)+IFERROR(VALUE(TRIM(MID(SUBSTITUTE(SUBSTITUTE(SUBSTITUTE(UPPER($T13)," ",""),"P",""),";",REPT(" ",30)),91,30))),0)+IFERROR(VALUE(TRIM(MID(SUBSTITUTE(SUBSTITUTE(SUBSTITUTE(UPPER($T13)," ",""),"P",""),";",REPT(" ",30)),121,30))),0)+IFERROR(VALUE(TRIM(MID(SUBSTITUTE(SUBSTITUTE(SUBSTITUTE(UPPER($T13)," ",""),"P",""),";",REPT(" ",30)),151,30))),0)+IFERROR(VALUE(TRIM(MID(SUBSTITUTE(SUBSTITUTE(SUBSTITUTE(UPPER($T13)," ",""),"P",""),";",REPT(" ",30)),181,30))),0)+IFERROR(VALUE(TRIM(MID(SUBSTITUTE(SUBSTITUTE(SUBSTITUTE(UPPER($T13)," ",""),"P",""),";",REPT(" ",30)),211,30))),0)))))
A14: =IF($C14="","",3) | B14: =IF($C14="","","1ª Sessão") | C14: =IF(Preenchimento!$B$12="","",Preenchimento!$B$12) | D14: =IF($C14="","",IF(Preenchimento!$C$12="","-",Preenchimento!$C$12)) | J14: =IF($C14="","",IF($E14="Falta","-",MAX(0,MIN(10,8+IFERROR(VALUE(TRIM(MID(SUBSTITUTE(SUBSTITUTE(SUBSTITUTE(UPPER($H14)," ",""),"D",""),";",REPT(" ",30)),1,30))),0)+IFERROR(VALUE(TRIM(MID(SUBSTITUTE(SUBSTITUTE(SUBSTITUTE(UPPER($H14)," ",""),"D",""),";",REPT(" ",30)),31,30))),0)+IFERROR(VALUE(TRIM(MID(SUBSTITUTE(SUBSTITUTE(SUBSTITUTE(UPPER($H14)," ",""),"D",""),";",REPT(" ",30)),61,30))),0)+IFERROR(VALUE(TRIM(MID(SUBSTITUTE(SUBSTITUTE(SUBSTITUTE(UPPER($H14)," ",""),"D",""),";",REPT(" ",30)),91,30))),0)+IFERROR(VALUE(TRIM(MID(SUBSTITUTE(SUBSTITUTE(SUBSTITUTE(UPPER($H14)," ",""),"D",""),";",REPT(" ",30)),121,30))),0)+IFERROR(VALUE(TRIM(MID(SUBSTITUTE(SUBSTITUTE(SUBSTITUTE(UPPER($H14)," ",""),"D",""),";",REPT(" ",30)),151,30))),0)+IFERROR(VALUE(TRIM(MID(SUBSTITUTE(SUBSTITUTE(SUBSTITUTE(UPPER($H14)," ",""),"D",""),";",REPT(" ",30)),181,30))),0)+IFERROR(VALUE(TRIM(MID(SUBSTITUTE(SUBSTITUTE(SUBSTITUTE(UPPER($H14)," ",""),"D",""),";",REPT(" ",30)),211,30))),0))))) | N14: =IF($C14="","",IF($E14="Falta","-",MAX(0,MIN(10,8+IFERROR(VALUE(TRIM(MID(SUBSTITUTE(SUBSTITUTE(SUBSTITUTE(UPPER($L14)," ",""),"F",""),";",REPT(" ",30)),1,30))),0)+IFERROR(VALUE(TRIM(MID(SUBSTITUTE(SUBSTITUTE(SUBSTITUTE(UPPER($L14)," ",""),"F",""),";",REPT(" ",30)),31,30))),0)+IFERROR(VALUE(TRIM(MID(SUBSTITUTE(SUBSTITUTE(SUBSTITUTE(UPPER($L14)," ",""),"F",""),";",REPT(" ",30)),61,30))),0)+IFERROR(VALUE(TRIM(MID(SUBSTITUTE(SUBSTITUTE(SUBSTITUTE(UPPER($L14)," ",""),"F",""),";",REPT(" ",30)),91,30))),0)+IFERROR(VALUE(TRIM(MID(SUBSTITUTE(SUBSTITUTE(SUBSTITUTE(UPPER($L14)," ",""),"F",""),";",REPT(" ",30)),121,30))),0)+IFERROR(VALUE(TRIM(MID(SUBSTITUTE(SUBSTITUTE(SUBSTITUTE(UPPER($L14)," ",""),"F",""),";",REPT(" ",30)),151,30))),0)+IFERROR(VALUE(TRIM(MID(SUBSTITUTE(SUBSTITUTE(SUBSTITUTE(UPPER($L14)," ",""),"F",""),";",REPT(" ",30)),181,30))),0)+IFERROR(VALUE(TRIM(MID(SUBSTITUTE(SUBSTITUTE(SUBSTITUTE(UPPER($L14)," ",""),"F",""),";",REPT(" ",30)),211,30))),0))))) | R14: =IF($C14="","",IF($E14="Falta","-",MAX(0,MIN(10,5+IFERROR(VALUE(TRIM(MID(SUBSTITUTE(SUBSTITUTE(SUBSTITUTE(UPPER($P14)," ",""),"C",""),";",REPT(" ",30)),1,30))),0)+IFERROR(VALUE(TRIM(MID(SUBSTITUTE(SUBSTITUTE(SUBSTITUTE(UPPER($P14)," ",""),"C",""),";",REPT(" ",30)),31,30))),0)+IFERROR(VALUE(TRIM(MID(SUBSTITUTE(SUBSTITUTE(SUBSTITUTE(UPPER($P14)," ",""),"C",""),";",REPT(" ",30)),61,30))),0)+IFERROR(VALUE(TRIM(MID(SUBSTITUTE(SUBSTITUTE(SUBSTITUTE(UPPER($P14)," ",""),"C",""),";",REPT(" ",30)),91,30))),0)+IFERROR(VALUE(TRIM(MID(SUBSTITUTE(SUBSTITUTE(SUBSTITUTE(UPPER($P14)," ",""),"C",""),";",REPT(" ",30)),121,30))),0)+IFERROR(VALUE(TRIM(MID(SUBSTITUTE(SUBSTITUTE(SUBSTITUTE(UPPER($P14)," ",""),"C",""),";",REPT(" ",30)),151,30))),0)+IFERROR(VALUE(TRIM(MID(SUBSTITUTE(SUBSTITUTE(SUBSTITUTE(UPPER($P14)," ",""),"C",""),";",REPT(" ",30)),181,30))),0)+IFERROR(VALUE(TRIM(MID(SUBSTITUTE(SUBSTITUTE(SUBSTITUTE(UPPER($P14)," ",""),"C",""),";",REPT(" ",30)),211,30))),0))))) | V14: =IF($C14="","",IF($E14="Falta","-",MAX(0,MIN(10,5+IFERROR(VALUE(TRIM(MID(SUBSTITUTE(SUBSTITUTE(SUBSTITUTE(UPPER($T14)," ",""),"P",""),";",REPT(" ",30)),1,30))),0)+IFERROR(VALUE(TRIM(MID(SUBSTITUTE(SUBSTITUTE(SUBSTITUTE(UPPER($T14)," ",""),"P",""),";",REPT(" ",30)),31,30))),0)+IFERROR(VALUE(TRIM(MID(SUBSTITUTE(SUBSTITUTE(SUBSTITUTE(UPPER($T14)," ",""),"P",""),";",REPT(" ",30)),61,30))),0)+IFERROR(VALUE(TRIM(MID(SUBSTITUTE(SUBSTITUTE(SUBSTITUTE(UPPER($T14)," ",""),"P",""),";",REPT(" ",30)),91,30))),0)+IFERROR(VALUE(TRIM(MID(SUBSTITUTE(SUBSTITUTE(SUBSTITUTE(UPPER($T14)," ",""),"P",""),";",REPT(" ",30)),121,30))),0)+IFERROR(VALUE(TRIM(MID(SUBSTITUTE(SUBSTITUTE(SUBSTITUTE(UPPER($T14)," ",""),"P",""),";",REPT(" ",30)),151,30))),0)+IFERROR(VALUE(TRIM(MID(SUBSTITUTE(SUBSTITUTE(SUBSTITUTE(UPPER($T14)," ",""),"P",""),";",REPT(" ",30)),181,30))),0)+IFERROR(VALUE(TRIM(MID(SUBSTITUTE(SUBSTITUTE(SUBSTITUTE(UPPER($T14)," ",""),"P",""),";",REPT(" ",30)),211,30))),0)))))
A15: =IF($C15="","",3) | B15: =IF($C15="","","2ª Sessão") | C15: =IF(Preenchimento!$B$12="","",Preenchimento!$B$12) | D15: =IF($C15="","",IF(Preenchimento!$C$12="","-",Preenchimento!$C$12)) | J15: =IF($C15="","",IF($E15="Falta","-",MAX(0,MIN(10,8+IFERROR(VALUE(TRIM(MID(SUBSTITUTE(SUBSTITUTE(SUBSTITUTE(UPPER($H15)," ",""),"D",""),";",REPT(" ",30)),1,30))),0)+IFERROR(VALUE(TRIM(MID(SUBSTITUTE(SUBSTITUTE(SUBSTITUTE(UPPER($H15)," ",""),"D",""),";",REPT(" ",30)),31,30))),0)+IFERROR(VALUE(TRIM(MID(SUBSTITUTE(SUBSTITUTE(SUBSTITUTE(UPPER($H15)," ",""),"D",""),";",REPT(" ",30)),61,30))),0)+IFERROR(VALUE(TRIM(MID(SUBSTITUTE(SUBSTITUTE(SUBSTITUTE(UPPER($H15)," ",""),"D",""),";",REPT(" ",30)),91,30))),0)+IFERROR(VALUE(TRIM(MID(SUBSTITUTE(SUBSTITUTE(SUBSTITUTE(UPPER($H15)," ",""),"D",""),";",REPT(" ",30)),121,30))),0)+IFERROR(VALUE(TRIM(MID(SUBSTITUTE(SUBSTITUTE(SUBSTITUTE(UPPER($H15)," ",""),"D",""),";",REPT(" ",30)),151,30))),0)+IFERROR(VALUE(TRIM(MID(SUBSTITUTE(SUBSTITUTE(SUBSTITUTE(UPPER($H15)," ",""),"D",""),";",REPT(" ",30)),181,30))),0)+IFERROR(VALUE(TRIM(MID(SUBSTITUTE(SUBSTITUTE(SUBSTITUTE(UPPER($H15)," ",""),"D",""),";",REPT(" ",30)),211,30))),0))))) | N15: =IF($C15="","",IF($E15="Falta","-",MAX(0,MIN(10,8+IFERROR(VALUE(TRIM(MID(SUBSTITUTE(SUBSTITUTE(SUBSTITUTE(UPPER($L15)," ",""),"F",""),";",REPT(" ",30)),1,30))),0)+IFERROR(VALUE(TRIM(MID(SUBSTITUTE(SUBSTITUTE(SUBSTITUTE(UPPER($L15)," ",""),"F",""),";",REPT(" ",30)),31,30))),0)+IFERROR(VALUE(TRIM(MID(SUBSTITUTE(SUBSTITUTE(SUBSTITUTE(UPPER($L15)," ",""),"F",""),";",REPT(" ",30)),61,30))),0)+IFERROR(VALUE(TRIM(MID(SUBSTITUTE(SUBSTITUTE(SUBSTITUTE(UPPER($L15)," ",""),"F",""),";",REPT(" ",30)),91,30))),0)+IFERROR(VALUE(TRIM(MID(SUBSTITUTE(SUBSTITUTE(SUBSTITUTE(UPPER($L15)," ",""),"F",""),";",REPT(" ",30)),121,30))),0)+IFERROR(VALUE(TRIM(MID(SUBSTITUTE(SUBSTITUTE(SUBSTITUTE(UPPER($L15)," ",""),"F",""),";",REPT(" ",30)),151,30))),0)+IFERROR(VALUE(TRIM(MID(SUBSTITUTE(SUBSTITUTE(SUBSTITUTE(UPPER($L15)," ",""),"F",""),";",REPT(" ",30)),181,30))),0)+IFERROR(VALUE(TRIM(MID(SUBSTITUTE(SUBSTITUTE(SUBSTITUTE(UPPER($L15)," ",""),"F",""),";",REPT(" ",30)),211,30))),0))))) | R15: =IF($C15="","",IF($E15="Falta","-",MAX(0,MIN(10,5+IFERROR(VALUE(TRIM(MID(SUBSTITUTE(SUBSTITUTE(SUBSTITUTE(UPPER($P15)," ",""),"C",""),";",REPT(" ",30)),1,30))),0)+IFERROR(VALUE(TRIM(MID(SUBSTITUTE(SUBSTITUTE(SUBSTITUTE(UPPER($P15)," ",""),"C",""),";",REPT(" ",30)),31,30))),0)+IFERROR(VALUE(TRIM(MID(SUBSTITUTE(SUBSTITUTE(SUBSTITUTE(UPPER($P15)," ",""),"C",""),";",REPT(" ",30)),61,30))),0)+IFERROR(VALUE(TRIM(MID(SUBSTITUTE(SUBSTITUTE(SUBSTITUTE(UPPER($P15)," ",""),"C",""),";",REPT(" ",30)),91,30))),0)+IFERROR(VALUE(TRIM(MID(SUBSTITUTE(SUBSTITUTE(SUBSTITUTE(UPPER($P15)," ",""),"C",""),";",REPT(" ",30)),121,30))),0)+IFERROR(VALUE(TRIM(MID(SUBSTITUTE(SUBSTITUTE(SUBSTITUTE(UPPER($P15)," ",""),"C",""),";",REPT(" ",30)),151,30))),0)+IFERROR(VALUE(TRIM(MID(SUBSTITUTE(SUBSTITUTE(SUBSTITUTE(UPPER($P15)," ",""),"C",""),";",REPT(" ",30)),181,30))),0)+IFERROR(VALUE(TRIM(MID(SUBSTITUTE(SUBSTITUTE(SUBSTITUTE(UPPER($P15)," ",""),"C",""),";",REPT(" ",30)),211,30))),0))))) | V15: =IF($C15="","",IF($E15="Falta","-",MAX(0,MIN(10,5+IFERROR(VALUE(TRIM(MID(SUBSTITUTE(SUBSTITUTE(SUBSTITUTE(UPPER($T15)," ",""),"P",""),";",REPT(" ",30)),1,30))),0)+IFERROR(VALUE(TRIM(MID(SUBSTITUTE(SUBSTITUTE(SUBSTITUTE(UPPER($T15)," ",""),"P",""),";",REPT(" ",30)),31,30))),0)+IFERROR(VALUE(TRIM(MID(SUBSTITUTE(SUBSTITUTE(SUBSTITUTE(UPPER($T15)," ",""),"P",""),";",REPT(" ",30)),61,30))),0)+IFERROR(VALUE(TRIM(MID(SUBSTITUTE(SUBSTITUTE(SUBSTITUTE(UPPER($T15)," ",""),"P",""),";",REPT(" ",30)),91,30))),0)+IFERROR(VALUE(TRIM(MID(SUBSTITUTE(SUBSTITUTE(SUBSTITUTE(UPPER($T15)," ",""),"P",""),";",REPT(" ",30)),121,30))),0)+IFERROR(VALUE(TRIM(MID(SUBSTITUTE(SUBSTITUTE(SUBSTITUTE(UPPER($T15)," ",""),"P",""),";",REPT(" ",30)),151,30))),0)+IFERROR(VALUE(TRIM(MID(SUBSTITUTE(SUBSTITUTE(SUBSTITUTE(UPPER($T15)," ",""),"P",""),";",REPT(" ",30)),181,30))),0)+IFERROR(VALUE(TRIM(MID(SUBSTITUTE(SUBSTITUTE(SUBSTITUTE(UPPER($T15)," ",""),"P",""),";",REPT(" ",30)),211,30))),0)))))
A16: =IF($C16="","",3) | B16: =IF($C16="","","3ª Sessão") | C16: =IF(Preenchimento!$B$12="","",Preenchimento!$B$12) | D16: =IF($C16="","",IF(Preenchimento!$C$12="","-",Preenchimento!$C$12)) | J16: =IF($C16="","",IF($E16="Falta","-",MAX(0,MIN(10,8+IFERROR(VALUE(TRIM(MID(SUBSTITUTE(SUBSTITUTE(SUBSTITUTE(UPPER($H16)," ",""),"D",""),";",REPT(" ",30)),1,30))),0)+IFERROR(VALUE(TRIM(MID(SUBSTITUTE(SUBSTITUTE(SUBSTITUTE(UPPER($H16)," ",""),"D",""),";",REPT(" ",30)),31,30))),0)+IFERROR(VALUE(TRIM(MID(SUBSTITUTE(SUBSTITUTE(SUBSTITUTE(UPPER($H16)," ",""),"D",""),";",REPT(" ",30)),61,30))),0)+IFERROR(VALUE(TRIM(MID(SUBSTITUTE(SUBSTITUTE(SUBSTITUTE(UPPER($H16)," ",""),"D",""),";",REPT(" ",30)),91,30))),0)+IFERROR(VALUE(TRIM(MID(SUBSTITUTE(SUBSTITUTE(SUBSTITUTE(UPPER($H16)," ",""),"D",""),";",REPT(" ",30)),121,30))),0)+IFERROR(VALUE(TRIM(MID(SUBSTITUTE(SUBSTITUTE(SUBSTITUTE(UPPER($H16)," ",""),"D",""),";",REPT(" ",30)),151,30))),0)+IFERROR(VALUE(TRIM(MID(SUBSTITUTE(SUBSTITUTE(SUBSTITUTE(UPPER($H16)," ",""),"D",""),";",REPT(" ",30)),181,30))),0)+IFERROR(VALUE(TRIM(MID(SUBSTITUTE(SUBSTITUTE(SUBSTITUTE(UPPER($H16)," ",""),"D",""),";",REPT(" ",30)),211,30))),0))))) | N16: =IF($C16="","",IF($E16="Falta","-",MAX(0,MIN(10,8+IFERROR(VALUE(TRIM(MID(SUBSTITUTE(SUBSTITUTE(SUBSTITUTE(UPPER($L16)," ",""),"F",""),";",REPT(" ",30)),1,30))),0)+IFERROR(VALUE(TRIM(MID(SUBSTITUTE(SUBSTITUTE(SUBSTITUTE(UPPER($L16)," ",""),"F",""),";",REPT(" ",30)),31,30))),0)+IFERROR(VALUE(TRIM(MID(SUBSTITUTE(SUBSTITUTE(SUBSTITUTE(UPPER($L16)," ",""),"F",""),";",REPT(" ",30)),61,30))),0)+IFERROR(VALUE(TRIM(MID(SUBSTITUTE(SUBSTITUTE(SUBSTITUTE(UPPER($L16)," ",""),"F",""),";",REPT(" ",30)),91,30))),0)+IFERROR(VALUE(TRIM(MID(SUBSTITUTE(SUBSTITUTE(SUBSTITUTE(UPPER($L16)," ",""),"F",""),";",REPT(" ",30)),121,30))),0)+IFERROR(VALUE(TRIM(MID(SUBSTITUTE(SUBSTITUTE(SUBSTITUTE(UPPER($L16)," ",""),"F",""),";",REPT(" ",30)),151,30))),0)+IFERROR(VALUE(TRIM(MID(SUBSTITUTE(SUBSTITUTE(SUBSTITUTE(UPPER($L16)," ",""),"F",""),";",REPT(" ",30)),181,30))),0)+IFERROR(VALUE(TRIM(MID(SUBSTITUTE(SUBSTITUTE(SUBSTITUTE(UPPER($L16)," ",""),"F",""),";",REPT(" ",30)),211,30))),0))))) | R16: =IF($C16="","",IF($E16="Falta","-",MAX(0,MIN(10,5+IFERROR(VALUE(TRIM(MID(SUBSTITUTE(SUBSTITUTE(SUBSTITUTE(UPPER($P16)," ",""),"C",""),";",REPT(" ",30)),1,30))),0)+IFERROR(VALUE(TRIM(MID(SUBSTITUTE(SUBSTITUTE(SUBSTITUTE(UPPER($P16)," ",""),"C",""),";",REPT(" ",30)),31,30))),0)+IFERROR(VALUE(TRIM(MID(SUBSTITUTE(SUBSTITUTE(SUBSTITUTE(UPPER($P16)," ",""),"C",""),";",REPT(" ",30)),61,30))),0)+IFERROR(VALUE(TRIM(MID(SUBSTITUTE(SUBSTITUTE(SUBSTITUTE(UPPER($P16)," ",""),"C",""),";",REPT(" ",30)),91,30))),0)+IFERROR(VALUE(TRIM(MID(SUBSTITUTE(SUBSTITUTE(SUBSTITUTE(UPPER($P16)," ",""),"C",""),";",REPT(" ",30)),121,30))),0)+IFERROR(VALUE(TRIM(MID(SUBSTITUTE(SUBSTITUTE(SUBSTITUTE(UPPER($P16)," ",""),"C",""),";",REPT(" ",30)),151,30))),0)+IFERROR(VALUE(TRIM(MID(SUBSTITUTE(SUBSTITUTE(SUBSTITUTE(UPPER($P16)," ",""),"C",""),";",REPT(" ",30)),181,30))),0)+IFERROR(VALUE(TRIM(MID(SUBSTITUTE(SUBSTITUTE(SUBSTITUTE(UPPER($P16)," ",""),"C",""),";",REPT(" ",30)),211,30))),0))))) | V16: =IF($C16="","",IF($E16="Falta","-",MAX(0,MIN(10,5+IFERROR(VALUE(TRIM(MID(SUBSTITUTE(SUBSTITUTE(SUBSTITUTE(UPPER($T16)," ",""),"P",""),";",REPT(" ",30)),1,30))),0)+IFERROR(VALUE(TRIM(MID(SUBSTITUTE(SUBSTITUTE(SUBSTITUTE(UPPER($T16)," ",""),"P",""),";",REPT(" ",30)),31,30))),0)+IFERROR(VALUE(TRIM(MID(SUBSTITUTE(SUBSTITUTE(SUBSTITUTE(UPPER($T16)," ",""),"P",""),";",REPT(" ",30)),61,30))),0)+IFERROR(VALUE(TRIM(MID(SUBSTITUTE(SUBSTITUTE(SUBSTITUTE(UPPER($T16)," ",""),"P",""),";",REPT(" ",30)),91,30))),0)+IFERROR(VALUE(TRIM(MID(SUBSTITUTE(SUBSTITUTE(SUBSTITUTE(UPPER($T16)," ",""),"P",""),";",REPT(" ",30)),121,30))),0)+IFERROR(VALUE(TRIM(MID(SUBSTITUTE(SUBSTITUTE(SUBSTITUTE(UPPER($T16)," ",""),"P",""),";",REPT(" ",30)),151,30))),0)+IFERROR(VALUE(TRIM(MID(SUBSTITUTE(SUBSTITUTE(SUBSTITUTE(UPPER($T16)," ",""),"P",""),";",REPT(" ",30)),181,30))),0)+IFERROR(VALUE(TRIM(MID(SUBSTITUTE(SUBSTITUTE(SUBSTITUTE(UPPER($T16)," ",""),"P",""),";",REPT(" ",30)),211,30))),0)))))
A17: =IF($C17="","",3) | B17: =IF($C17="","","4ª Sessão") | C17: =IF(Preenchimento!$B$12="","",Preenchimento!$B$12) | D17: =IF($C17="","",IF(Preenchimento!$C$12="","-",Preenchimento!$C$12)) | J17: =IF($C17="","",IF($E17="Falta","-",MAX(0,MIN(10,8+IFERROR(VALUE(TRIM(MID(SUBSTITUTE(SUBSTITUTE(SUBSTITUTE(UPPER($H17)," ",""),"D",""),";",REPT(" ",30)),1,30))),0)+IFERROR(VALUE(TRIM(MID(SUBSTITUTE(SUBSTITUTE(SUBSTITUTE(UPPER($H17)," ",""),"D",""),";",REPT(" ",30)),31,30))),0)+IFERROR(VALUE(TRIM(MID(SUBSTITUTE(SUBSTITUTE(SUBSTITUTE(UPPER($H17)," ",""),"D",""),";",REPT(" ",30)),61,30))),0)+IFERROR(VALUE(TRIM(MID(SUBSTITUTE(SUBSTITUTE(SUBSTITUTE(UPPER($H17)," ",""),"D",""),";",REPT(" ",30)),91,30))),0)+IFERROR(VALUE(TRIM(MID(SUBSTITUTE(SUBSTITUTE(SUBSTITUTE(UPPER($H17)," ",""),"D",""),";",REPT(" ",30)),121,30))),0)+IFERROR(VALUE(TRIM(MID(SUBSTITUTE(SUBSTITUTE(SUBSTITUTE(UPPER($H17)," ",""),"D",""),";",REPT(" ",30)),151,30))),0)+IFERROR(VALUE(TRIM(MID(SUBSTITUTE(SUBSTITUTE(SUBSTITUTE(UPPER($H17)," ",""),"D",""),";",REPT(" ",30)),181,30))),0)+IFERROR(VALUE(TRIM(MID(SUBSTITUTE(SUBSTITUTE(SUBSTITUTE(UPPER($H17)," ",""),"D",""),";",REPT(" ",30)),211,30))),0))))) | N17: =IF($C17="","",IF($E17="Falta","-",MAX(0,MIN(10,8+IFERROR(VALUE(TRIM(MID(SUBSTITUTE(SUBSTITUTE(SUBSTITUTE(UPPER($L17)," ",""),"F",""),";",REPT(" ",30)),1,30))),0)+IFERROR(VALUE(TRIM(MID(SUBSTITUTE(SUBSTITUTE(SUBSTITUTE(UPPER($L17)," ",""),"F",""),";",REPT(" ",30)),31,30))),0)+IFERROR(VALUE(TRIM(MID(SUBSTITUTE(SUBSTITUTE(SUBSTITUTE(UPPER($L17)," ",""),"F",""),";",REPT(" ",30)),61,30))),0)+IFERROR(VALUE(TRIM(MID(SUBSTITUTE(SUBSTITUTE(SUBSTITUTE(UPPER($L17)," ",""),"F",""),";",REPT(" ",30)),91,30))),0)+IFERROR(VALUE(TRIM(MID(SUBSTITUTE(SUBSTITUTE(SUBSTITUTE(UPPER($L17)," ",""),"F",""),";",REPT(" ",30)),121,30))),0)+IFERROR(VALUE(TRIM(MID(SUBSTITUTE(SUBSTITUTE(SUBSTITUTE(UPPER($L17)," ",""),"F",""),";",REPT(" ",30)),151,30))),0)+IFERROR(VALUE(TRIM(MID(SUBSTITUTE(SUBSTITUTE(SUBSTITUTE(UPPER($L17)," ",""),"F",""),";",REPT(" ",30)),181,30))),0)+IFERROR(VALUE(TRIM(MID(SUBSTITUTE(SUBSTITUTE(SUBSTITUTE(UPPER($L17)," ",""),"F",""),";",REPT(" ",30)),211,30))),0))))) | R17: =IF($C17="","",IF($E17="Falta","-",MAX(0,MIN(10,5+IFERROR(VALUE(TRIM(MID(SUBSTITUTE(SUBSTITUTE(SUBSTITUTE(UPPER($P17)," ",""),"C",""),";",REPT(" ",30)),1,30))),0)+IFERROR(VALUE(TRIM(MID(SUBSTITUTE(SUBSTITUTE(SUBSTITUTE(UPPER($P17)," ",""),"C",""),";",REPT(" ",30)),31,30))),0)+IFERROR(VALUE(TRIM(MID(SUBSTITUTE(SUBSTITUTE(SUBSTITUTE(UPPER($P17)," ",""),"C",""),";",REPT(" ",30)),61,30))),0)+IFERROR(VALUE(TRIM(MID(SUBSTITUTE(SUBSTITUTE(SUBSTITUTE(UPPER($P17)," ",""),"C",""),";",REPT(" ",30)),91,30))),0)+IFERROR(VALUE(TRIM(MID(SUBSTITUTE(SUBSTITUTE(SUBSTITUTE(UPPER($P17)," ",""),"C",""),";",REPT(" ",30)),121,30))),0)+IFERROR(VALUE(TRIM(MID(SUBSTITUTE(SUBSTITUTE(SUBSTITUTE(UPPER($P17)," ",""),"C",""),";",REPT(" ",30)),151,30))),0)+IFERROR(VALUE(TRIM(MID(SUBSTITUTE(SUBSTITUTE(SUBSTITUTE(UPPER($P17)," ",""),"C",""),";",REPT(" ",30)),181,30))),0)+IFERROR(VALUE(TRIM(MID(SUBSTITUTE(SUBSTITUTE(SUBSTITUTE(UPPER($P17)," ",""),"C",""),";",REPT(" ",30)),211,30))),0))))) | V17: =IF($C17="","",IF($E17="Falta","-",MAX(0,MIN(10,5+IFERROR(VALUE(TRIM(MID(SUBSTITUTE(SUBSTITUTE(SUBSTITUTE(UPPER($T17)," ",""),"P",""),";",REPT(" ",30)),1,30))),0)+IFERROR(VALUE(TRIM(MID(SUBSTITUTE(SUBSTITUTE(SUBSTITUTE(UPPER($T17)," ",""),"P",""),";",REPT(" ",30)),31,30))),0)+IFERROR(VALUE(TRIM(MID(SUBSTITUTE(SUBSTITUTE(SUBSTITUTE(UPPER($T17)," ",""),"P",""),";",REPT(" ",30)),61,30))),0)+IFERROR(VALUE(TRIM(MID(SUBSTITUTE(SUBSTITUTE(SUBSTITUTE(UPPER($T17)," ",""),"P",""),";",REPT(" ",30)),91,30))),0)+IFERROR(VALUE(TRIM(MID(SUBSTITUTE(SUBSTITUTE(SUBSTITUTE(UPPER($T17)," ",""),"P",""),";",REPT(" ",30)),121,30))),0)+IFERROR(VALUE(TRIM(MID(SUBSTITUTE(SUBSTITUTE(SUBSTITUTE(UPPER($T17)," ",""),"P",""),";",REPT(" ",30)),151,30))),0)+IFERROR(VALUE(TRIM(MID(SUBSTITUTE(SUBSTITUTE(SUBSTITUTE(UPPER($T17)," ",""),"P",""),";",REPT(" ",30)),181,30))),0)+IFERROR(VALUE(TRIM(MID(SUBSTITUTE(SUBSTITUTE(SUBSTITUTE(UPPER($T17)," ",""),"P",""),";",REPT(" ",30)),211,30))),0)))))
A18: =IF($C18="","",3) | B18: =IF($C18="","","5ª Sessão") | C18: =IF(Preenchimento!$B$12="","",Preenchimento!$B$12) | D18: =IF($C18="","",IF(Preenchimento!$C$12="","-",Preenchimento!$C$12)) | J18: =IF($C18="","",IF($E18="Falta","-",MAX(0,MIN(10,8+IFERROR(VALUE(TRIM(MID(SUBSTITUTE(SUBSTITUTE(SUBSTITUTE(UPPER($H18)," ",""),"D",""),";",REPT(" ",30)),1,30))),0)+IFERROR(VALUE(TRIM(MID(SUBSTITUTE(SUBSTITUTE(SUBSTITUTE(UPPER($H18)," ",""),"D",""),";",REPT(" ",30)),31,30))),0)+IFERROR(VALUE(TRIM(MID(SUBSTITUTE(SUBSTITUTE(SUBSTITUTE(UPPER($H18)," ",""),"D",""),";",REPT(" ",30)),61,30))),0)+IFERROR(VALUE(TRIM(MID(SUBSTITUTE(SUBSTITUTE(SUBSTITUTE(UPPER($H18)," ",""),"D",""),";",REPT(" ",30)),91,30))),0)+IFERROR(VALUE(TRIM(MID(SUBSTITUTE(SUBSTITUTE(SUBSTITUTE(UPPER($H18)," ",""),"D",""),";",REPT(" ",30)),121,30))),0)+IFERROR(VALUE(TRIM(MID(SUBSTITUTE(SUBSTITUTE(SUBSTITUTE(UPPER($H18)," ",""),"D",""),";",REPT(" ",30)),151,30))),0)+IFERROR(VALUE(TRIM(MID(SUBSTITUTE(SUBSTITUTE(SUBSTITUTE(UPPER($H18)," ",""),"D",""),";",REPT(" ",30)),181,30))),0)+IFERROR(VALUE(TRIM(MID(SUBSTITUTE(SUBSTITUTE(SUBSTITUTE(UPPER($H18)," ",""),"D",""),";",REPT(" ",30)),211,30))),0))))) | N18: =IF($C18="","",IF($E18="Falta","-",MAX(0,MIN(10,8+IFERROR(VALUE(TRIM(MID(SUBSTITUTE(SUBSTITUTE(SUBSTITUTE(UPPER($L18)," ",""),"F",""),";",REPT(" ",30)),1,30))),0)+IFERROR(VALUE(TRIM(MID(SUBSTITUTE(SUBSTITUTE(SUBSTITUTE(UPPER($L18)," ",""),"F",""),";",REPT(" ",30)),31,30))),0)+IFERROR(VALUE(TRIM(MID(SUBSTITUTE(SUBSTITUTE(SUBSTITUTE(UPPER($L18)," ",""),"F",""),";",REPT(" ",30)),61,30))),0)+IFERROR(VALUE(TRIM(MID(SUBSTITUTE(SUBSTITUTE(SUBSTITUTE(UPPER($L18)," ",""),"F",""),";",REPT(" ",30)),91,30))),0)+IFERROR(VALUE(TRIM(MID(SUBSTITUTE(SUBSTITUTE(SUBSTITUTE(UPPER($L18)," ",""),"F",""),";",REPT(" ",30)),121,30))),0)+IFERROR(VALUE(TRIM(MID(SUBSTITUTE(SUBSTITUTE(SUBSTITUTE(UPPER($L18)," ",""),"F",""),";",REPT(" ",30)),151,30))),0)+IFERROR(VALUE(TRIM(MID(SUBSTITUTE(SUBSTITUTE(SUBSTITUTE(UPPER($L18)," ",""),"F",""),";",REPT(" ",30)),181,30))),0)+IFERROR(VALUE(TRIM(MID(SUBSTITUTE(SUBSTITUTE(SUBSTITUTE(UPPER($L18)," ",""),"F",""),";",REPT(" ",30)),211,30))),0))))) | R18: =IF($C18="","",IF($E18="Falta","-",MAX(0,MIN(10,5+IFERROR(VALUE(TRIM(MID(SUBSTITUTE(SUBSTITUTE(SUBSTITUTE(UPPER($P18)," ",""),"C",""),";",REPT(" ",30)),1,30))),0)+IFERROR(VALUE(TRIM(MID(SUBSTITUTE(SUBSTITUTE(SUBSTITUTE(UPPER($P18)," ",""),"C",""),";",REPT(" ",30)),31,30))),0)+IFERROR(VALUE(TRIM(MID(SUBSTITUTE(SUBSTITUTE(SUBSTITUTE(UPPER($P18)," ",""),"C",""),";",REPT(" ",30)),61,30))),0)+IFERROR(VALUE(TRIM(MID(SUBSTITUTE(SUBSTITUTE(SUBSTITUTE(UPPER($P18)," ",""),"C",""),";",REPT(" ",30)),91,30))),0)+IFERROR(VALUE(TRIM(MID(SUBSTITUTE(SUBSTITUTE(SUBSTITUTE(UPPER($P18)," ",""),"C",""),";",REPT(" ",30)),121,30))),0)+IFERROR(VALUE(TRIM(MID(SUBSTITUTE(SUBSTITUTE(SUBSTITUTE(UPPER($P18)," ",""),"C",""),";",REPT(" ",30)),151,30))),0)+IFERROR(VALUE(TRIM(MID(SUBSTITUTE(SUBSTITUTE(SUBSTITUTE(UPPER($P18)," ",""),"C",""),";",REPT(" ",30)),181,30))),0)+IFERROR(VALUE(TRIM(MID(SUBSTITUTE(SUBSTITUTE(SUBSTITUTE(UPPER($P18)," ",""),"C",""),";",REPT(" ",30)),211,30))),0))))) | V18: =IF($C18="","",IF($E18="Falta","-",MAX(0,MIN(10,5+IFERROR(VALUE(TRIM(MID(SUBSTITUTE(SUBSTITUTE(SUBSTITUTE(UPPER($T18)," ",""),"P",""),";",REPT(" ",30)),1,30))),0)+IFERROR(VALUE(TRIM(MID(SUBSTITUTE(SUBSTITUTE(SUBSTITUTE(UPPER($T18)," ",""),"P",""),";",REPT(" ",30)),31,30))),0)+IFERROR(VALUE(TRIM(MID(SUBSTITUTE(SUBSTITUTE(SUBSTITUTE(UPPER($T18)," ",""),"P",""),";",REPT(" ",30)),61,30))),0)+IFERROR(VALUE(TRIM(MID(SUBSTITUTE(SUBSTITUTE(SUBSTITUTE(UPPER($T18)," ",""),"P",""),";",REPT(" ",30)),91,30))),0)+IFERROR(VALUE(TRIM(MID(SUBSTITUTE(SUBSTITUTE(SUBSTITUTE(UPPER($T18)," ",""),"P",""),";",REPT(" ",30)),121,30))),0)+IFERROR(VALUE(TRIM(MID(SUBSTITUTE(SUBSTITUTE(SUBSTITUTE(UPPER($T18)," ",""),"P",""),";",REPT(" ",30)),151,30))),0)+IFERROR(VALUE(TRIM(MID(SUBSTITUTE(SUBSTITUTE(SUBSTITUTE(UPPER($T18)," ",""),"P",""),";",REPT(" ",30)),181,30))),0)+IFERROR(VALUE(TRIM(MID(SUBSTITUTE(SUBSTITUTE(SUBSTITUTE(UPPER($T18)," ",""),"P",""),";",REPT(" ",30)),211,30))),0)))))
A19: =IF($C19="","",4) | B19: =IF($C19="","","1ª Sessão") | C19: =IF(Preenchimento!$B$13="","",Preenchimento!$B$13) | D19: =IF($C19="","",IF(Preenchimento!$C$13="","-",Preenchimento!$C$13)) | J19: =IF($C19="","",IF($E19="Falta","-",MAX(0,MIN(10,8+IFERROR(VALUE(TRIM(MID(SUBSTITUTE(SUBSTITUTE(SUBSTITUTE(UPPER($H19)," ",""),"D",""),";",REPT(" ",30)),1,30))),0)+IFERROR(VALUE(TRIM(MID(SUBSTITUTE(SUBSTITUTE(SUBSTITUTE(UPPER($H19)," ",""),"D",""),";",REPT(" ",30)),31,30))),0)+IFERROR(VALUE(TRIM(MID(SUBSTITUTE(SUBSTITUTE(SUBSTITUTE(UPPER($H19)," ",""),"D",""),";",REPT(" ",30)),61,30))),0)+IFERROR(VALUE(TRIM(MID(SUBSTITUTE(SUBSTITUTE(SUBSTITUTE(UPPER($H19)," ",""),"D",""),";",REPT(" ",30)),91,30))),0)+IFERROR(VALUE(TRIM(MID(SUBSTITUTE(SUBSTITUTE(SUBSTITUTE(UPPER($H19)," ",""),"D",""),";",REPT(" ",30)),121,30))),0)+IFERROR(VALUE(TRIM(MID(SUBSTITUTE(SUBSTITUTE(SUBSTITUTE(UPPER($H19)," ",""),"D",""),";",REPT(" ",30)),151,30))),0)+IFERROR(VALUE(TRIM(MID(SUBSTITUTE(SUBSTITUTE(SUBSTITUTE(UPPER($H19)," ",""),"D",""),";",REPT(" ",30)),181,30))),0)+IFERROR(VALUE(TRIM(MID(SUBSTITUTE(SUBSTITUTE(SUBSTITUTE(UPPER($H19)," ",""),"D",""),";",REPT(" ",30)),211,30))),0))))) | N19: =IF($C19="","",IF($E19="Falta","-",MAX(0,MIN(10,8+IFERROR(VALUE(TRIM(MID(SUBSTITUTE(SUBSTITUTE(SUBSTITUTE(UPPER($L19)," ",""),"F",""),";",REPT(" ",30)),1,30))),0)+IFERROR(VALUE(TRIM(MID(SUBSTITUTE(SUBSTITUTE(SUBSTITUTE(UPPER($L19)," ",""),"F",""),";",REPT(" ",30)),31,30))),0)+IFERROR(VALUE(TRIM(MID(SUBSTITUTE(SUBSTITUTE(SUBSTITUTE(UPPER($L19)," ",""),"F",""),";",REPT(" ",30)),61,30))),0)+IFERROR(VALUE(TRIM(MID(SUBSTITUTE(SUBSTITUTE(SUBSTITUTE(UPPER($L19)," ",""),"F",""),";",REPT(" ",30)),91,30))),0)+IFERROR(VALUE(TRIM(MID(SUBSTITUTE(SUBSTITUTE(SUBSTITUTE(UPPER($L19)," ",""),"F",""),";",REPT(" ",30)),121,30))),0)+IFERROR(VALUE(TRIM(MID(SUBSTITUTE(SUBSTITUTE(SUBSTITUTE(UPPER($L19)," ",""),"F",""),";",REPT(" ",30)),151,30))),0)+IFERROR(VALUE(TRIM(MID(SUBSTITUTE(SUBSTITUTE(SUBSTITUTE(UPPER($L19)," ",""),"F",""),";",REPT(" ",30)),181,30))),0)+IFERROR(VALUE(TRIM(MID(SUBSTITUTE(SUBSTITUTE(SUBSTITUTE(UPPER($L19)," ",""),"F",""),";",REPT(" ",30)),211,30))),0))))) | R19: =IF($C19="","",IF($E19="Falta","-",MAX(0,MIN(10,5+IFERROR(VALUE(TRIM(MID(SUBSTITUTE(SUBSTITUTE(SUBSTITUTE(UPPER($P19)," ",""),"C",""),";",REPT(" ",30)),1,30))),0)+IFERROR(VALUE(TRIM(MID(SUBSTITUTE(SUBSTITUTE(SUBSTITUTE(UPPER($P19)," ",""),"C",""),";",REPT(" ",30)),31,30))),0)+IFERROR(VALUE(TRIM(MID(SUBSTITUTE(SUBSTITUTE(SUBSTITUTE(UPPER($P19)," ",""),"C",""),";",REPT(" ",30)),61,30))),0)+IFERROR(VALUE(TRIM(MID(SUBSTITUTE(SUBSTITUTE(SUBSTITUTE(UPPER($P19)," ",""),"C",""),";",REPT(" ",30)),91,30))),0)+IFERROR(VALUE(TRIM(MID(SUBSTITUTE(SUBSTITUTE(SUBSTITUTE(UPPER($P19)," ",""),"C",""),";",REPT(" ",30)),121,30))),0)+IFERROR(VALUE(TRIM(MID(SUBSTITUTE(SUBSTITUTE(SUBSTITUTE(UPPER($P19)," ",""),"C",""),";",REPT(" ",30)),151,30))),0)+IFERROR(VALUE(TRIM(MID(SUBSTITUTE(SUBSTITUTE(SUBSTITUTE(UPPER($P19)," ",""),"C",""),";",REPT(" ",30)),181,30))),0)+IFERROR(VALUE(TRIM(MID(SUBSTITUTE(SUBSTITUTE(SUBSTITUTE(UPPER($P19)," ",""),"C",""),";",REPT(" ",30)),211,30))),0))))) | V19: =IF($C19="","",IF($E19="Falta","-",MAX(0,MIN(10,5+IFERROR(VALUE(TRIM(MID(SUBSTITUTE(SUBSTITUTE(SUBSTITUTE(UPPER($T19)," ",""),"P",""),";",REPT(" ",30)),1,30))),0)+IFERROR(VALUE(TRIM(MID(SUBSTITUTE(SUBSTITUTE(SUBSTITUTE(UPPER($T19)," ",""),"P",""),";",REPT(" ",30)),31,30))),0)+IFERROR(VALUE(TRIM(MID(SUBSTITUTE(SUBSTITUTE(SUBSTITUTE(UPPER($T19)," ",""),"P",""),";",REPT(" ",30)),61,30))),0)+IFERROR(VALUE(TRIM(MID(SUBSTITUTE(SUBSTITUTE(SUBSTITUTE(UPPER($T19)," ",""),"P",""),";",REPT(" ",30)),91,30))),0)+IFERROR(VALUE(TRIM(MID(SUBSTITUTE(SUBSTITUTE(SUBSTITUTE(UPPER($T19)," ",""),"P",""),";",REPT(" ",30)),121,30))),0)+IFERROR(VALUE(TRIM(MID(SUBSTITUTE(SUBSTITUTE(SUBSTITUTE(UPPER($T19)," ",""),"P",""),";",REPT(" ",30)),151,30))),0)+IFERROR(VALUE(TRIM(MID(SUBSTITUTE(SUBSTITUTE(SUBSTITUTE(UPPER($T19)," ",""),"P",""),";",REPT(" ",30)),181,30))),0)+IFERROR(VALUE(TRIM(MID(SUBSTITUTE(SUBSTITUTE(SUBSTITUTE(UPPER($T19)," ",""),"P",""),";",REPT(" ",30)),211,30))),0)))))
A20: =IF($C20="","",4) | B20: =IF($C20="","","2ª Sessão") | C20: =IF(Preenchimento!$B$13="","",Preenchimento!$B$13) | D20: =IF($C20="","",IF(Preenchimento!$C$13="","-",Preenchimento!$C$13)) | J20: =IF($C20="","",IF($E20="Falta","-",MAX(0,MIN(10,8+IFERROR(VALUE(TRIM(MID(SUBSTITUTE(SUBSTITUTE(SUBSTITUTE(UPPER($H20)," ",""),"D",""),";",REPT(" ",30)),1,30))),0)+IFERROR(VALUE(TRIM(MID(SUBSTITUTE(SUBSTITUTE(SUBSTITUTE(UPPER($H20)," ",""),"D",""),";",REPT(" ",30)),31,30))),0)+IFERROR(VALUE(TRIM(MID(SUBSTITUTE(SUBSTITUTE(SUBSTITUTE(UPPER($H20)," ",""),"D",""),";",REPT(" ",30)),61,30))),0)+IFERROR(VALUE(TRIM(MID(SUBSTITUTE(SUBSTITUTE(SUBSTITUTE(UPPER($H20)," ",""),"D",""),";",REPT(" ",30)),91,30))),0)+IFERROR(VALUE(TRIM(MID(SUBSTITUTE(SUBSTITUTE(SUBSTITUTE(UPPER($H20)," ",""),"D",""),";",REPT(" ",30)),121,30))),0)+IFERROR(VALUE(TRIM(MID(SUBSTITUTE(SUBSTITUTE(SUBSTITUTE(UPPER($H20)," ",""),"D",""),";",REPT(" ",30)),151,30))),0)+IFERROR(VALUE(TRIM(MID(SUBSTITUTE(SUBSTITUTE(SUBSTITUTE(UPPER($H20)," ",""),"D",""),";",REPT(" ",30)),181,30))),0)+IFERROR(VALUE(TRIM(MID(SUBSTITUTE(SUBSTITUTE(SUBSTITUTE(UPPER($H20)," ",""),"D",""),";",REPT(" ",30)),211,30))),0))))) | N20: =IF($C20="","",IF($E20="Falta","-",MAX(0,MIN(10,8+IFERROR(VALUE(TRIM(MID(SUBSTITUTE(SUBSTITUTE(SUBSTITUTE(UPPER($L20)," ",""),"F",""),";",REPT(" ",30)),1,30))),0)+IFERROR(VALUE(TRIM(MID(SUBSTITUTE(SUBSTITUTE(SUBSTITUTE(UPPER($L20)," ",""),"F",""),";",REPT(" ",30)),31,30))),0)+IFERROR(VALUE(TRIM(MID(SUBSTITUTE(SUBSTITUTE(SUBSTITUTE(UPPER($L20)," ",""),"F",""),";",REPT(" ",30)),61,30))),0)+IFERROR(VALUE(TRIM(MID(SUBSTITUTE(SUBSTITUTE(SUBSTITUTE(UPPER($L20)," ",""),"F",""),";",REPT(" ",30)),91,30))),0)+IFERROR(VALUE(TRIM(MID(SUBSTITUTE(SUBSTITUTE(SUBSTITUTE(UPPER($L20)," ",""),"F",""),";",REPT(" ",30)),121,30))),0)+IFERROR(VALUE(TRIM(MID(SUBSTITUTE(SUBSTITUTE(SUBSTITUTE(UPPER($L20)," ",""),"F",""),";",REPT(" ",30)),151,30))),0)+IFERROR(VALUE(TRIM(MID(SUBSTITUTE(SUBSTITUTE(SUBSTITUTE(UPPER($L20)," ",""),"F",""),";",REPT(" ",30)),181,30))),0)+IFERROR(VALUE(TRIM(MID(SUBSTITUTE(SUBSTITUTE(SUBSTITUTE(UPPER($L20)," ",""),"F",""),";",REPT(" ",30)),211,30))),0))))) | R20: =IF($C20="","",IF($E20="Falta","-",MAX(0,MIN(10,5+IFERROR(VALUE(TRIM(MID(SUBSTITUTE(SUBSTITUTE(SUBSTITUTE(UPPER($P20)," ",""),"C",""),";",REPT(" ",30)),1,30))),0)+IFERROR(VALUE(TRIM(MID(SUBSTITUTE(SUBSTITUTE(SUBSTITUTE(UPPER($P20)," ",""),"C",""),";",REPT(" ",30)),31,30))),0)+IFERROR(VALUE(TRIM(MID(SUBSTITUTE(SUBSTITUTE(SUBSTITUTE(UPPER($P20)," ",""),"C",""),";",REPT(" ",30)),61,30))),0)+IFERROR(VALUE(TRIM(MID(SUBSTITUTE(SUBSTITUTE(SUBSTITUTE(UPPER($P20)," ",""),"C",""),";",REPT(" ",30)),91,30))),0)+IFERROR(VALUE(TRIM(MID(SUBSTITUTE(SUBSTITUTE(SUBSTITUTE(UPPER($P20)," ",""),"C",""),";",REPT(" ",30)),121,30))),0)+IFERROR(VALUE(TRIM(MID(SUBSTITUTE(SUBSTITUTE(SUBSTITUTE(UPPER($P20)," ",""),"C",""),";",REPT(" ",30)),151,30))),0)+IFERROR(VALUE(TRIM(MID(SUBSTITUTE(SUBSTITUTE(SUBSTITUTE(UPPER($P20)," ",""),"C",""),";",REPT(" ",30)),181,30))),0)+IFERROR(VALUE(TRIM(MID(SUBSTITUTE(SUBSTITUTE(SUBSTITUTE(UPPER($P20)," ",""),"C",""),";",REPT(" ",30)),211,30))),0))))) | V20: =IF($C20="","",IF($E20="Falta","-",MAX(0,MIN(10,5+IFERROR(VALUE(TRIM(MID(SUBSTITUTE(SUBSTITUTE(SUBSTITUTE(UPPER($T20)," ",""),"P",""),";",REPT(" ",30)),1,30))),0)+IFERROR(VALUE(TRIM(MID(SUBSTITUTE(SUBSTITUTE(SUBSTITUTE(UPPER($T20)," ",""),"P",""),";",REPT(" ",30)),31,30))),0)+IFERROR(VALUE(TRIM(MID(SUBSTITUTE(SUBSTITUTE(SUBSTITUTE(UPPER($T20)," ",""),"P",""),";",REPT(" ",30)),61,30))),0)+IFERROR(VALUE(TRIM(MID(SUBSTITUTE(SUBSTITUTE(SUBSTITUTE(UPPER($T20)," ",""),"P",""),";",REPT(" ",30)),91,30))),0)+IFERROR(VALUE(TRIM(MID(SUBSTITUTE(SUBSTITUTE(SUBSTITUTE(UPPER($T20)," ",""),"P",""),";",REPT(" ",30)),121,30))),0)+IFERROR(VALUE(TRIM(MID(SUBSTITUTE(SUBSTITUTE(SUBSTITUTE(UPPER($T20)," ",""),"P",""),";",REPT(" ",30)),151,30))),0)+IFERROR(VALUE(TRIM(MID(SUBSTITUTE(SUBSTITUTE(SUBSTITUTE(UPPER($T20)," ",""),"P",""),";",REPT(" ",30)),181,30))),0)+IFERROR(VALUE(TRIM(MID(SUBSTITUTE(SUBSTITUTE(SUBSTITUTE(UPPER($T20)," ",""),"P",""),";",REPT(" ",30)),211,30))),0)))))
A21: =IF($C21="","",4) | B21: =IF($C21="","","3ª Sessão") | C21: =IF(Preenchimento!$B$13="","",Preenchimento!$B$13) | D21: =IF($C21="","",IF(Preenchimento!$C$13="","-",Preenchimento!$C$13)) | J21: =IF($C21="","",IF($E21="Falta","-",MAX(0,MIN(10,8+IFERROR(VALUE(TRIM(MID(SUBSTITUTE(SUBSTITUTE(SUBSTITUTE(UPPER($H21)," ",""),"D",""),";",REPT(" ",30)),1,30))),0)+IFERROR(VALUE(TRIM(MID(SUBSTITUTE(SUBSTITUTE(SUBSTITUTE(UPPER($H21)," ",""),"D",""),";",REPT(" ",30)),31,30))),0)+IFERROR(VALUE(TRIM(MID(SUBSTITUTE(SUBSTITUTE(SUBSTITUTE(UPPER($H21)," ",""),"D",""),";",REPT(" ",30)),61,30))),0)+IFERROR(VALUE(TRIM(MID(SUBSTITUTE(SUBSTITUTE(SUBSTITUTE(UPPER($H21)," ",""),"D",""),";",REPT(" ",30)),91,30))),0)+IFERROR(VALUE(TRIM(MID(SUBSTITUTE(SUBSTITUTE(SUBSTITUTE(UPPER($H21)," ",""),"D",""),";",REPT(" ",30)),121,30))),0)+IFERROR(VALUE(TRIM(MID(SUBSTITUTE(SUBSTITUTE(SUBSTITUTE(UPPER($H21)," ",""),"D",""),";",REPT(" ",30)),151,30))),0)+IFERROR(VALUE(TRIM(MID(SUBSTITUTE(SUBSTITUTE(SUBSTITUTE(UPPER($H21)," ",""),"D",""),";",REPT(" ",30)),181,30))),0)+IFERROR(VALUE(TRIM(MID(SUBSTITUTE(SUBSTITUTE(SUBSTITUTE(UPPER($H21)," ",""),"D",""),";",REPT(" ",30)),211,30))),0))))) | N21: =IF($C21="","",IF($E21="Falta","-",MAX(0,MIN(10,8+IFERROR(VALUE(TRIM(MID(SUBSTITUTE(SUBSTITUTE(SUBSTITUTE(UPPER($L21)," ",""),"F",""),";",REPT(" ",30)),1,30))),0)+IFERROR(VALUE(TRIM(MID(SUBSTITUTE(SUBSTITUTE(SUBSTITUTE(UPPER($L21)," ",""),"F",""),";",REPT(" ",30)),31,30))),0)+IFERROR(VALUE(TRIM(MID(SUBSTITUTE(SUBSTITUTE(SUBSTITUTE(UPPER($L21)," ",""),"F",""),";",REPT(" ",30)),61,30))),0)+IFERROR(VALUE(TRIM(MID(SUBSTITUTE(SUBSTITUTE(SUBSTITUTE(UPPER($L21)," ",""),"F",""),";",REPT(" ",30)),91,30))),0)+IFERROR(VALUE(TRIM(MID(SUBSTITUTE(SUBSTITUTE(SUBSTITUTE(UPPER($L21)," ",""),"F",""),";",REPT(" ",30)),121,30))),0)+IFERROR(VALUE(TRIM(MID(SUBSTITUTE(SUBSTITUTE(SUBSTITUTE(UPPER($L21)," ",""),"F",""),";",REPT(" ",30)),151,30))),0)+IFERROR(VALUE(TRIM(MID(SUBSTITUTE(SUBSTITUTE(SUBSTITUTE(UPPER($L21)," ",""),"F",""),";",REPT(" ",30)),181,30))),0)+IFERROR(VALUE(TRIM(MID(SUBSTITUTE(SUBSTITUTE(SUBSTITUTE(UPPER($L21)," ",""),"F",""),";",REPT(" ",30)),211,30))),0))))) | R21: =IF($C21="","",IF($E21="Falta","-",MAX(0,MIN(10,5+IFERROR(VALUE(TRIM(MID(SUBSTITUTE(SUBSTITUTE(SUBSTITUTE(UPPER($P21)," ",""),"C",""),";",REPT(" ",30)),1,30))),0)+IFERROR(VALUE(TRIM(MID(SUBSTITUTE(SUBSTITUTE(SUBSTITUTE(UPPER($P21)," ",""),"C",""),";",REPT(" ",30)),31,30))),0)+IFERROR(VALUE(TRIM(MID(SUBSTITUTE(SUBSTITUTE(SUBSTITUTE(UPPER($P21)," ",""),"C",""),";",REPT(" ",30)),61,30))),0)+IFERROR(VALUE(TRIM(MID(SUBSTITUTE(SUBSTITUTE(SUBSTITUTE(UPPER($P21)," ",""),"C",""),";",REPT(" ",30)),91,30))),0)+IFERROR(VALUE(TRIM(MID(SUBSTITUTE(SUBSTITUTE(SUBSTITUTE(UPPER($P21)," ",""),"C",""),";",REPT(" ",30)),121,30))),0)+IFERROR(VALUE(TRIM(MID(SUBSTITUTE(SUBSTITUTE(SUBSTITUTE(UPPER($P21)," ",""),"C",""),";",REPT(" ",30)),151,30))),0)+IFERROR(VALUE(TRIM(MID(SUBSTITUTE(SUBSTITUTE(SUBSTITUTE(UPPER($P21)," ",""),"C",""),";",REPT(" ",30)),181,30))),0)+IFERROR(VALUE(TRIM(MID(SUBSTITUTE(SUBSTITUTE(SUBSTITUTE(UPPER($P21)," ",""),"C",""),";",REPT(" ",30)),211,30))),0))))) | V21: =IF($C21="","",IF($E21="Falta","-",MAX(0,MIN(10,5+IFERROR(VALUE(TRIM(MID(SUBSTITUTE(SUBSTITUTE(SUBSTITUTE(UPPER($T21)," ",""),"P",""),";",REPT(" ",30)),1,30))),0)+IFERROR(VALUE(TRIM(MID(SUBSTITUTE(SUBSTITUTE(SUBSTITUTE(UPPER($T21)," ",""),"P",""),";",REPT(" ",30)),31,30))),0)+IFERROR(VALUE(TRIM(MID(SUBSTITUTE(SUBSTITUTE(SUBSTITUTE(UPPER($T21)," ",""),"P",""),";",REPT(" ",30)),61,30))),0)+IFERROR(VALUE(TRIM(MID(SUBSTITUTE(SUBSTITUTE(SUBSTITUTE(UPPER($T21)," ",""),"P",""),";",REPT(" ",30)),91,30))),0)+IFERROR(VALUE(TRIM(MID(SUBSTITUTE(SUBSTITUTE(SUBSTITUTE(UPPER($T21)," ",""),"P",""),";",REPT(" ",30)),121,30))),0)+IFERROR(VALUE(TRIM(MID(SUBSTITUTE(SUBSTITUTE(SUBSTITUTE(UPPER($T21)," ",""),"P",""),";",REPT(" ",30)),151,30))),0)+IFERROR(VALUE(TRIM(MID(SUBSTITUTE(SUBSTITUTE(SUBSTITUTE(UPPER($T21)," ",""),"P",""),";",REPT(" ",30)),181,30))),0)+IFERROR(VALUE(TRIM(MID(SUBSTITUTE(SUBSTITUTE(SUBSTITUTE(UPPER($T21)," ",""),"P",""),";",REPT(" ",30)),211,30))),0)))))
A22: =IF($C22="","",4) | B22: =IF($C22="","","4ª Sessão") | C22: =IF(Preenchimento!$B$13="","",Preenchimento!$B$13) | D22: =IF($C22="","",IF(Preenchimento!$C$13="","-",Preenchimento!$C$13)) | J22: =IF($C22="","",IF($E22="Falta","-",MAX(0,MIN(10,8+IFERROR(VALUE(TRIM(MID(SUBSTITUTE(SUBSTITUTE(SUBSTITUTE(UPPER($H22)," ",""),"D",""),";",REPT(" ",30)),1,30))),0)+IFERROR(VALUE(TRIM(MID(SUBSTITUTE(SUBSTITUTE(SUBSTITUTE(UPPER($H22)," ",""),"D",""),";",REPT(" ",30)),31,30))),0)+IFERROR(VALUE(TRIM(MID(SUBSTITUTE(SUBSTITUTE(SUBSTITUTE(UPPER($H22)," ",""),"D",""),";",REPT(" ",30)),61,30))),0)+IFERROR(VALUE(TRIM(MID(SUBSTITUTE(SUBSTITUTE(SUBSTITUTE(UPPER($H22)," ",""),"D",""),";",REPT(" ",30)),91,30))),0)+IFERROR(VALUE(TRIM(MID(SUBSTITUTE(SUBSTITUTE(SUBSTITUTE(UPPER($H22)," ",""),"D",""),";",REPT(" ",30)),121,30))),0)+IFERROR(VALUE(TRIM(MID(SUBSTITUTE(SUBSTITUTE(SUBSTITUTE(UPPER($H22)," ",""),"D",""),";",REPT(" ",30)),151,30))),0)+IFERROR(VALUE(TRIM(MID(SUBSTITUTE(SUBSTITUTE(SUBSTITUTE(UPPER($H22)," ",""),"D",""),";",REPT(" ",30)),181,30))),0)+IFERROR(VALUE(TRIM(MID(SUBSTITUTE(SUBSTITUTE(SUBSTITUTE(UPPER($H22)," ",""),"D",""),";",REPT(" ",30)),211,30))),0))))) | N22: =IF($C22="","",IF($E22="Falta","-",MAX(0,MIN(10,8+IFERROR(VALUE(TRIM(MID(SUBSTITUTE(SUBSTITUTE(SUBSTITUTE(UPPER($L22)," ",""),"F",""),";",REPT(" ",30)),1,30))),0)+IFERROR(VALUE(TRIM(MID(SUBSTITUTE(SUBSTITUTE(SUBSTITUTE(UPPER($L22)," ",""),"F",""),";",REPT(" ",30)),31,30))),0)+IFERROR(VALUE(TRIM(MID(SUBSTITUTE(SUBSTITUTE(SUBSTITUTE(UPPER($L22)," ",""),"F",""),";",REPT(" ",30)),61,30))),0)+IFERROR(VALUE(TRIM(MID(SUBSTITUTE(SUBSTITUTE(SUBSTITUTE(UPPER($L22)," ",""),"F",""),";",REPT(" ",30)),91,30))),0)+IFERROR(VALUE(TRIM(MID(SUBSTITUTE(SUBSTITUTE(SUBSTITUTE(UPPER($L22)," ",""),"F",""),";",REPT(" ",30)),121,30))),0)+IFERROR(VALUE(TRIM(MID(SUBSTITUTE(SUBSTITUTE(SUBSTITUTE(UPPER($L22)," ",""),"F",""),";",REPT(" ",30)),151,30))),0)+IFERROR(VALUE(TRIM(MID(SUBSTITUTE(SUBSTITUTE(SUBSTITUTE(UPPER($L22)," ",""),"F",""),";",REPT(" ",30)),181,30))),0)+IFERROR(VALUE(TRIM(MID(SUBSTITUTE(SUBSTITUTE(SUBSTITUTE(UPPER($L22)," ",""),"F",""),";",REPT(" ",30)),211,30))),0))))) | R22: =IF($C22="","",IF($E22="Falta","-",MAX(0,MIN(10,5+IFERROR(VALUE(TRIM(MID(SUBSTITUTE(SUBSTITUTE(SUBSTITUTE(UPPER($P22)," ",""),"C",""),";",REPT(" ",30)),1,30))),0)+IFERROR(VALUE(TRIM(MID(SUBSTITUTE(SUBSTITUTE(SUBSTITUTE(UPPER($P22)," ",""),"C",""),";",REPT(" ",30)),31,30))),0)+IFERROR(VALUE(TRIM(MID(SUBSTITUTE(SUBSTITUTE(SUBSTITUTE(UPPER($P22)," ",""),"C",""),";",REPT(" ",30)),61,30))),0)+IFERROR(VALUE(TRIM(MID(SUBSTITUTE(SUBSTITUTE(SUBSTITUTE(UPPER($P22)," ",""),"C",""),";",REPT(" ",30)),91,30))),0)+IFERROR(VALUE(TRIM(MID(SUBSTITUTE(SUBSTITUTE(SUBSTITUTE(UPPER($P22)," ",""),"C",""),";",REPT(" ",30)),121,30))),0)+IFERROR(VALUE(TRIM(MID(SUBSTITUTE(SUBSTITUTE(SUBSTITUTE(UPPER($P22)," ",""),"C",""),";",REPT(" ",30)),151,30))),0)+IFERROR(VALUE(TRIM(MID(SUBSTITUTE(SUBSTITUTE(SUBSTITUTE(UPPER($P22)," ",""),"C",""),";",REPT(" ",30)),181,30))),0)+IFERROR(VALUE(TRIM(MID(SUBSTITUTE(SUBSTITUTE(SUBSTITUTE(UPPER($P22)," ",""),"C",""),";",REPT(" ",30)),211,30))),0))))) | V22: =IF($C22="","",IF($E22="Falta","-",MAX(0,MIN(10,5+IFERROR(VALUE(TRIM(MID(SUBSTITUTE(SUBSTITUTE(SUBSTITUTE(UPPER($T22)," ",""),"P",""),";",REPT(" ",30)),1,30))),0)+IFERROR(VALUE(TRIM(MID(SUBSTITUTE(SUBSTITUTE(SUBSTITUTE(UPPER($T22)," ",""),"P",""),";",REPT(" ",30)),31,30))),0)+IFERROR(VALUE(TRIM(MID(SUBSTITUTE(SUBSTITUTE(SUBSTITUTE(UPPER($T22)," ",""),"P",""),";",REPT(" ",30)),61,30))),0)+IFERROR(VALUE(TRIM(MID(SUBSTITUTE(SUBSTITUTE(SUBSTITUTE(UPPER($T22)," ",""),"P",""),";",REPT(" ",30)),91,30))),0)+IFERROR(VALUE(TRIM(MID(SUBSTITUTE(SUBSTITUTE(SUBSTITUTE(UPPER($T22)," ",""),"P",""),";",REPT(" ",30)),121,30))),0)+IFERROR(VALUE(TRIM(MID(SUBSTITUTE(SUBSTITUTE(SUBSTITUTE(UPPER($T22)," ",""),"P",""),";",REPT(" ",30)),151,30))),0)+IFERROR(VALUE(TRIM(MID(SUBSTITUTE(SUBSTITUTE(SUBSTITUTE(UPPER($T22)," ",""),"P",""),";",REPT(" ",30)),181,30))),0)+IFERROR(VALUE(TRIM(MID(SUBSTITUTE(SUBSTITUTE(SUBSTITUTE(UPPER($T22)," ",""),"P",""),";",REPT(" ",30)),211,30))),0)))))
A23: =IF($C23="","",4) | B23: =IF($C23="","","5ª Sessão") | C23: =IF(Preenchimento!$B$13="","",Preenchimento!$B$13) | D23: =IF($C23="","",IF(Preenchimento!$C$13="","-",Preenchimento!$C$13)) | J23: =IF($C23="","",IF($E23="Falta","-",MAX(0,MIN(10,8+IFERROR(VALUE(TRIM(MID(SUBSTITUTE(SUBSTITUTE(SUBSTITUTE(UPPER($H23)," ",""),"D",""),";",REPT(" ",30)),1,30))),0)+IFERROR(VALUE(TRIM(MID(SUBSTITUTE(SUBSTITUTE(SUBSTITUTE(UPPER($H23)," ",""),"D",""),";",REPT(" ",30)),31,30))),0)+IFERROR(VALUE(TRIM(MID(SUBSTITUTE(SUBSTITUTE(SUBSTITUTE(UPPER($H23)," ",""),"D",""),";",REPT(" ",30)),61,30))),0)+IFERROR(VALUE(TRIM(MID(SUBSTITUTE(SUBSTITUTE(SUBSTITUTE(UPPER($H23)," ",""),"D",""),";",REPT(" ",30)),91,30))),0)+IFERROR(VALUE(TRIM(MID(SUBSTITUTE(SUBSTITUTE(SUBSTITUTE(UPPER($H23)," ",""),"D",""),";",REPT(" ",30)),121,30))),0)+IFERROR(VALUE(TRIM(MID(SUBSTITUTE(SUBSTITUTE(SUBSTITUTE(UPPER($H23)," ",""),"D",""),";",REPT(" ",30)),151,30))),0)+IFERROR(VALUE(TRIM(MID(SUBSTITUTE(SUBSTITUTE(SUBSTITUTE(UPPER($H23)," ",""),"D",""),";",REPT(" ",30)),181,30))),0)+IFERROR(VALUE(TRIM(MID(SUBSTITUTE(SUBSTITUTE(SUBSTITUTE(UPPER($H23)," ",""),"D",""),";",REPT(" ",30)),211,30))),0))))) | N23: =IF($C23="","",IF($E23="Falta","-",MAX(0,MIN(10,8+IFERROR(VALUE(TRIM(MID(SUBSTITUTE(SUBSTITUTE(SUBSTITUTE(UPPER($L23)," ",""),"F",""),";",REPT(" ",30)),1,30))),0)+IFERROR(VALUE(TRIM(MID(SUBSTITUTE(SUBSTITUTE(SUBSTITUTE(UPPER($L23)," ",""),"F",""),";",REPT(" ",30)),31,30))),0)+IFERROR(VALUE(TRIM(MID(SUBSTITUTE(SUBSTITUTE(SUBSTITUTE(UPPER($L23)," ",""),"F",""),";",REPT(" ",30)),61,30))),0)+IFERROR(VALUE(TRIM(MID(SUBSTITUTE(SUBSTITUTE(SUBSTITUTE(UPPER($L23)," ",""),"F",""),";",REPT(" ",30)),91,30))),0)+IFERROR(VALUE(TRIM(MID(SUBSTITUTE(SUBSTITUTE(SUBSTITUTE(UPPER($L23)," ",""),"F",""),";",REPT(" ",30)),121,30))),0)+IFERROR(VALUE(TRIM(MID(SUBSTITUTE(SUBSTITUTE(SUBSTITUTE(UPPER($L23)," ",""),"F",""),";",REPT(" ",30)),151,30))),0)+IFERROR(VALUE(TRIM(MID(SUBSTITUTE(SUBSTITUTE(SUBSTITUTE(UPPER($L23)," ",""),"F",""),";",REPT(" ",30)),181,30))),0)+IFERROR(VALUE(TRIM(MID(SUBSTITUTE(SUBSTITUTE(SUBSTITUTE(UPPER($L23)," ",""),"F",""),";",REPT(" ",30)),211,30))),0))))) | R23: =IF($C23="","",IF($E23="Falta","-",MAX(0,MIN(10,5+IFERROR(VALUE(TRIM(MID(SUBSTITUTE(SUBSTITUTE(SUBSTITUTE(UPPER($P23)," ",""),"C",""),";",REPT(" ",30)),1,30))),0)+IFERROR(VALUE(TRIM(MID(SUBSTITUTE(SUBSTITUTE(SUBSTITUTE(UPPER($P23)," ",""),"C",""),";",REPT(" ",30)),31,30))),0)+IFERROR(VALUE(TRIM(MID(SUBSTITUTE(SUBSTITUTE(SUBSTITUTE(UPPER($P23)," ",""),"C",""),";",REPT(" ",30)),61,30))),0)+IFERROR(VALUE(TRIM(MID(SUBSTITUTE(SUBSTITUTE(SUBSTITUTE(UPPER($P23)," ",""),"C",""),";",REPT(" ",30)),91,30))),0)+IFERROR(VALUE(TRIM(MID(SUBSTITUTE(SUBSTITUTE(SUBSTITUTE(UPPER($P23)," ",""),"C",""),";",REPT(" ",30)),121,30))),0)+IFERROR(VALUE(TRIM(MID(SUBSTITUTE(SUBSTITUTE(SUBSTITUTE(UPPER($P23)," ",""),"C",""),";",REPT(" ",30)),151,30))),0)+IFERROR(VALUE(TRIM(MID(SUBSTITUTE(SUBSTITUTE(SUBSTITUTE(UPPER($P23)," ",""),"C",""),";",REPT(" ",30)),181,30))),0)+IFERROR(VALUE(TRIM(MID(SUBSTITUTE(SUBSTITUTE(SUBSTITUTE(UPPER($P23)," ",""),"C",""),";",REPT(" ",30)),211,30))),0))))) | V23: =IF($C23="","",IF($E23="Falta","-",MAX(0,MIN(10,5+IFERROR(VALUE(TRIM(MID(SUBSTITUTE(SUBSTITUTE(SUBSTITUTE(UPPER($T23)," ",""),"P",""),";",REPT(" ",30)),1,30))),0)+IFERROR(VALUE(TRIM(MID(SUBSTITUTE(SUBSTITUTE(SUBSTITUTE(UPPER($T23)," ",""),"P",""),";",REPT(" ",30)),31,30))),0)+IFERROR(VALUE(TRIM(MID(SUBSTITUTE(SUBSTITUTE(SUBSTITUTE(UPPER($T23)," ",""),"P",""),";",REPT(" ",30)),61,30))),0)+IFERROR(VALUE(TRIM(MID(SUBSTITUTE(SUBSTITUTE(SUBSTITUTE(UPPER($T23)," ",""),"P",""),";",REPT(" ",30)),91,30))),0)+IFERROR(VALUE(TRIM(MID(SUBSTITUTE(SUBSTITUTE(SUBSTITUTE(UPPER($T23)," ",""),"P",""),";",REPT(" ",30)),121,30))),0)+IFERROR(VALUE(TRIM(MID(SUBSTITUTE(SUBSTITUTE(SUBSTITUTE(UPPER($T23)," ",""),"P",""),";",REPT(" ",30)),151,30))),0)+IFERROR(VALUE(TRIM(MID(SUBSTITUTE(SUBSTITUTE(SUBSTITUTE(UPPER($T23)," ",""),"P",""),";",REPT(" ",30)),181,30))),0)+IFERROR(VALUE(TRIM(MID(SUBSTITUTE(SUBSTITUTE(SUBSTITUTE(UPPER($T23)," ",""),"P",""),";",REPT(" ",30)),211,30))),0)))))
A24: =IF($C24="","",5) | B24: =IF($C24="","","1ª Sessão") | C24: =IF(Preenchimento!$B$14="","",Preenchimento!$B$14) | D24: =IF($C24="","",IF(Preenchimento!$C$14="","-",Preenchimento!$C$14)) | J24: =IF($C24="","",IF($E24="Falta","-",MAX(0,MIN(10,8+IFERROR(VALUE(TRIM(MID(SUBSTITUTE(SUBSTITUTE(SUBSTITUTE(UPPER($H24)," ",""),"D",""),";",REPT(" ",30)),1,30))),0)+IFERROR(VALUE(TRIM(MID(SUBSTITUTE(SUBSTITUTE(SUBSTITUTE(UPPER($H24)," ",""),"D",""),";",REPT(" ",30)),31,30))),0)+IFERROR(VALUE(TRIM(MID(SUBSTITUTE(SUBSTITUTE(SUBSTITUTE(UPPER($H24)," ",""),"D",""),";",REPT(" ",30)),61,30))),0)+IFERROR(VALUE(TRIM(MID(SUBSTITUTE(SUBSTITUTE(SUBSTITUTE(UPPER($H24)," ",""),"D",""),";",REPT(" ",30)),91,30))),0)+IFERROR(VALUE(TRIM(MID(SUBSTITUTE(SUBSTITUTE(SUBSTITUTE(UPPER($H24)," ",""),"D",""),";",REPT(" ",30)),121,30))),0)+IFERROR(VALUE(TRIM(MID(SUBSTITUTE(SUBSTITUTE(SUBSTITUTE(UPPER($H24)," ",""),"D",""),";",REPT(" ",30)),151,30))),0)+IFERROR(VALUE(TRIM(MID(SUBSTITUTE(SUBSTITUTE(SUBSTITUTE(UPPER($H24)," ",""),"D",""),";",REPT(" ",30)),181,30))),0)+IFERROR(VALUE(TRIM(MID(SUBSTITUTE(SUBSTITUTE(SUBSTITUTE(UPPER($H24)," ",""),"D",""),";",REPT(" ",30)),211,30))),0))))) | N24: =IF($C24="","",IF($E24="Falta","-",MAX(0,MIN(10,8+IFERROR(VALUE(TRIM(MID(SUBSTITUTE(SUBSTITUTE(SUBSTITUTE(UPPER($L24)," ",""),"F",""),";",REPT(" ",30)),1,30))),0)+IFERROR(VALUE(TRIM(MID(SUBSTITUTE(SUBSTITUTE(SUBSTITUTE(UPPER($L24)," ",""),"F",""),";",REPT(" ",30)),31,30))),0)+IFERROR(VALUE(TRIM(MID(SUBSTITUTE(SUBSTITUTE(SUBSTITUTE(UPPER($L24)," ",""),"F",""),";",REPT(" ",30)),61,30))),0)+IFERROR(VALUE(TRIM(MID(SUBSTITUTE(SUBSTITUTE(SUBSTITUTE(UPPER($L24)," ",""),"F",""),";",REPT(" ",30)),91,30))),0)+IFERROR(VALUE(TRIM(MID(SUBSTITUTE(SUBSTITUTE(SUBSTITUTE(UPPER($L24)," ",""),"F",""),";",REPT(" ",30)),121,30))),0)+IFERROR(VALUE(TRIM(MID(SUBSTITUTE(SUBSTITUTE(SUBSTITUTE(UPPER($L24)," ",""),"F",""),";",REPT(" ",30)),151,30))),0)+IFERROR(VALUE(TRIM(MID(SUBSTITUTE(SUBSTITUTE(SUBSTITUTE(UPPER($L24)," ",""),"F",""),";",REPT(" ",30)),181,30))),0)+IFERROR(VALUE(TRIM(MID(SUBSTITUTE(SUBSTITUTE(SUBSTITUTE(UPPER($L24)," ",""),"F",""),";",REPT(" ",30)),211,30))),0))))) | R24: =IF($C24="","",IF($E24="Falta","-",MAX(0,MIN(10,5+IFERROR(VALUE(TRIM(MID(SUBSTITUTE(SUBSTITUTE(SUBSTITUTE(UPPER($P24)," ",""),"C",""),";",REPT(" ",30)),1,30))),0)+IFERROR(VALUE(TRIM(MID(SUBSTITUTE(SUBSTITUTE(SUBSTITUTE(UPPER($P24)," ",""),"C",""),";",REPT(" ",30)),31,30))),0)+IFERROR(VALUE(TRIM(MID(SUBSTITUTE(SUBSTITUTE(SUBSTITUTE(UPPER($P24)," ",""),"C",""),";",REPT(" ",30)),61,30))),0)+IFERROR(VALUE(TRIM(MID(SUBSTITUTE(SUBSTITUTE(SUBSTITUTE(UPPER($P24)," ",""),"C",""),";",REPT(" ",30)),91,30))),0)+IFERROR(VALUE(TRIM(MID(SUBSTITUTE(SUBSTITUTE(SUBSTITUTE(UPPER($P24)," ",""),"C",""),";",REPT(" ",30)),121,30))),0)+IFERROR(VALUE(TRIM(MID(SUBSTITUTE(SUBSTITUTE(SUBSTITUTE(UPPER($P24)," ",""),"C",""),";",REPT(" ",30)),151,30))),0)+IFERROR(VALUE(TRIM(MID(SUBSTITUTE(SUBSTITUTE(SUBSTITUTE(UPPER($P24)," ",""),"C",""),";",REPT(" ",30)),181,30))),0)+IFERROR(VALUE(TRIM(MID(SUBSTITUTE(SUBSTITUTE(SUBSTITUTE(UPPER($P24)," ",""),"C",""),";",REPT(" ",30)),211,30))),0))))) | V24: =IF($C24="","",IF($E24="Falta","-",MAX(0,MIN(10,5+IFERROR(VALUE(TRIM(MID(SUBSTITUTE(SUBSTITUTE(SUBSTITUTE(UPPER($T24)," ",""),"P",""),";",REPT(" ",30)),1,30))),0)+IFERROR(VALUE(TRIM(MID(SUBSTITUTE(SUBSTITUTE(SUBSTITUTE(UPPER($T24)," ",""),"P",""),";",REPT(" ",30)),31,30))),0)+IFERROR(VALUE(TRIM(MID(SUBSTITUTE(SUBSTITUTE(SUBSTITUTE(UPPER($T24)," ",""),"P",""),";",REPT(" ",30)),61,30))),0)+IFERROR(VALUE(TRIM(MID(SUBSTITUTE(SUBSTITUTE(SUBSTITUTE(UPPER($T24)," ",""),"P",""),";",REPT(" ",30)),91,30))),0)+IFERROR(VALUE(TRIM(MID(SUBSTITUTE(SUBSTITUTE(SUBSTITUTE(UPPER($T24)," ",""),"P",""),";",REPT(" ",30)),121,30))),0)+IFERROR(VALUE(TRIM(MID(SUBSTITUTE(SUBSTITUTE(SUBSTITUTE(UPPER($T24)," ",""),"P",""),";",REPT(" ",30)),151,30))),0)+IFERROR(VALUE(TRIM(MID(SUBSTITUTE(SUBSTITUTE(SUBSTITUTE(UPPER($T24)," ",""),"P",""),";",REPT(" ",30)),181,30))),0)+IFERROR(VALUE(TRIM(MID(SUBSTITUTE(SUBSTITUTE(SUBSTITUTE(UPPER($T24)," ",""),"P",""),";",REPT(" ",30)),211,30))),0)))))
A25: =IF($C25="","",5) | B25: =IF($C25="","","2ª Sessão") | C25: =IF(Preenchimento!$B$14="","",Preenchimento!$B$14) | D25: =IF($C25="","",IF(Preenchimento!$C$14="","-",Preenchimento!$C$14)) | J25: =IF($C25="","",IF($E25="Falta","-",MAX(0,MIN(10,8+IFERROR(VALUE(TRIM(MID(SUBSTITUTE(SUBSTITUTE(SUBSTITUTE(UPPER($H25)," ",""),"D",""),";",REPT(" ",30)),1,30))),0)+IFERROR(VALUE(TRIM(MID(SUBSTITUTE(SUBSTITUTE(SUBSTITUTE(UPPER($H25)," ",""),"D",""),";",REPT(" ",30)),31,30))),0)+IFERROR(VALUE(TRIM(MID(SUBSTITUTE(SUBSTITUTE(SUBSTITUTE(UPPER($H25)," ",""),"D",""),";",REPT(" ",30)),61,30))),0)+IFERROR(VALUE(TRIM(MID(SUBSTITUTE(SUBSTITUTE(SUBSTITUTE(UPPER($H25)," ",""),"D",""),";",REPT(" ",30)),91,30))),0)+IFERROR(VALUE(TRIM(MID(SUBSTITUTE(SUBSTITUTE(SUBSTITUTE(UPPER($H25)," ",""),"D",""),";",REPT(" ",30)),121,30))),0)+IFERROR(VALUE(TRIM(MID(SUBSTITUTE(SUBSTITUTE(SUBSTITUTE(UPPER($H25)," ",""),"D",""),";",REPT(" ",30)),151,30))),0)+IFERROR(VALUE(TRIM(MID(SUBSTITUTE(SUBSTITUTE(SUBSTITUTE(UPPER($H25)," ",""),"D",""),";",REPT(" ",30)),181,30))),0)+IFERROR(VALUE(TRIM(MID(SUBSTITUTE(SUBSTITUTE(SUBSTITUTE(UPPER($H25)," ",""),"D",""),";",REPT(" ",30)),211,30))),0))))) | N25: =IF($C25="","",IF($E25="Falta","-",MAX(0,MIN(10,8+IFERROR(VALUE(TRIM(MID(SUBSTITUTE(SUBSTITUTE(SUBSTITUTE(UPPER($L25)," ",""),"F",""),";",REPT(" ",30)),1,30))),0)+IFERROR(VALUE(TRIM(MID(SUBSTITUTE(SUBSTITUTE(SUBSTITUTE(UPPER($L25)," ",""),"F",""),";",REPT(" ",30)),31,30))),0)+IFERROR(VALUE(TRIM(MID(SUBSTITUTE(SUBSTITUTE(SUBSTITUTE(UPPER($L25)," ",""),"F",""),";",REPT(" ",30)),61,30))),0)+IFERROR(VALUE(TRIM(MID(SUBSTITUTE(SUBSTITUTE(SUBSTITUTE(UPPER($L25)," ",""),"F",""),";",REPT(" ",30)),91,30))),0)+IFERROR(VALUE(TRIM(MID(SUBSTITUTE(SUBSTITUTE(SUBSTITUTE(UPPER($L25)," ",""),"F",""),";",REPT(" ",30)),121,30))),0)+IFERROR(VALUE(TRIM(MID(SUBSTITUTE(SUBSTITUTE(SUBSTITUTE(UPPER($L25)," ",""),"F",""),";",REPT(" ",30)),151,30))),0)+IFERROR(VALUE(TRIM(MID(SUBSTITUTE(SUBSTITUTE(SUBSTITUTE(UPPER($L25)," ",""),"F",""),";",REPT(" ",30)),181,30))),0)+IFERROR(VALUE(TRIM(MID(SUBSTITUTE(SUBSTITUTE(SUBSTITUTE(UPPER($L25)," ",""),"F",""),";",REPT(" ",30)),211,30))),0))))) | R25: =IF($C25="","",IF($E25="Falta","-",MAX(0,MIN(10,5+IFERROR(VALUE(TRIM(MID(SUBSTITUTE(SUBSTITUTE(SUBSTITUTE(UPPER($P25)," ",""),"C",""),";",REPT(" ",30)),1,30))),0)+IFERROR(VALUE(TRIM(MID(SUBSTITUTE(SUBSTITUTE(SUBSTITUTE(UPPER($P25)," ",""),"C",""),";",REPT(" ",30)),31,30))),0)+IFERROR(VALUE(TRIM(MID(SUBSTITUTE(SUBSTITUTE(SUBSTITUTE(UPPER($P25)," ",""),"C",""),";",REPT(" ",30)),61,30))),0)+IFERROR(VALUE(TRIM(MID(SUBSTITUTE(SUBSTITUTE(SUBSTITUTE(UPPER($P25)," ",""),"C",""),";",REPT(" ",30)),91,30))),0)+IFERROR(VALUE(TRIM(MID(SUBSTITUTE(SUBSTITUTE(SUBSTITUTE(UPPER($P25)," ",""),"C",""),";",REPT(" ",30)),121,30))),0)+IFERROR(VALUE(TRIM(MID(SUBSTITUTE(SUBSTITUTE(SUBSTITUTE(UPPER($P25)," ",""),"C",""),";",REPT(" ",30)),151,30))),0)+IFERROR(VALUE(TRIM(MID(SUBSTITUTE(SUBSTITUTE(SUBSTITUTE(UPPER($P25)," ",""),"C",""),";",REPT(" ",30)),181,30))),0)+IFERROR(VALUE(TRIM(MID(SUBSTITUTE(SUBSTITUTE(SUBSTITUTE(UPPER($P25)," ",""),"C",""),";",REPT(" ",30)),211,30))),0))))) | V25: =IF($C25="","",IF($E25="Falta","-",MAX(0,MIN(10,5+IFERROR(VALUE(TRIM(MID(SUBSTITUTE(SUBSTITUTE(SUBSTITUTE(UPPER($T25)," ",""),"P",""),";",REPT(" ",30)),1,30))),0)+IFERROR(VALUE(TRIM(MID(SUBSTITUTE(SUBSTITUTE(SUBSTITUTE(UPPER($T25)," ",""),"P",""),";",REPT(" ",30)),31,30))),0)+IFERROR(VALUE(TRIM(MID(SUBSTITUTE(SUBSTITUTE(SUBSTITUTE(UPPER($T25)," ",""),"P",""),";",REPT(" ",30)),61,30))),0)+IFERROR(VALUE(TRIM(MID(SUBSTITUTE(SUBSTITUTE(SUBSTITUTE(UPPER($T25)," ",""),"P",""),";",REPT(" ",30)),91,30))),0)+IFERROR(VALUE(TRIM(MID(SUBSTITUTE(SUBSTITUTE(SUBSTITUTE(UPPER($T25)," ",""),"P",""),";",REPT(" ",30)),121,30))),0)+IFERROR(VALUE(TRIM(MID(SUBSTITUTE(SUBSTITUTE(SUBSTITUTE(UPPER($T25)," ",""),"P",""),";",REPT(" ",30)),151,30))),0)+IFERROR(VALUE(TRIM(MID(SUBSTITUTE(SUBSTITUTE(SUBSTITUTE(UPPER($T25)," ",""),"P",""),";",REPT(" ",30)),181,30))),0)+IFERROR(VALUE(TRIM(MID(SUBSTITUTE(SUBSTITUTE(SUBSTITUTE(UPPER($T25)," ",""),"P",""),";",REPT(" ",30)),211,30))),0)))))
A26: =IF($C26="","",5) | B26: =IF($C26="","","3ª Sessão") | C26: =IF(Preenchimento!$B$14="","",Preenchimento!$B$14) | D26: =IF($C26="","",IF(Preenchimento!$C$14="","-",Preenchimento!$C$14)) | J26: =IF($C26="","",IF($E26="Falta","-",MAX(0,MIN(10,8+IFERROR(VALUE(TRIM(MID(SUBSTITUTE(SUBSTITUTE(SUBSTITUTE(UPPER($H26)," ",""),"D",""),";",REPT(" ",30)),1,30))),0)+IFERROR(VALUE(TRIM(MID(SUBSTITUTE(SUBSTITUTE(SUBSTITUTE(UPPER($H26)," ",""),"D",""),";",REPT(" ",30)),31,30))),0)+IFERROR(VALUE(TRIM(MID(SUBSTITUTE(SUBSTITUTE(SUBSTITUTE(UPPER($H26)," ",""),"D",""),";",REPT(" ",30)),61,30))),0)+IFERROR(VALUE(TRIM(MID(SUBSTITUTE(SUBSTITUTE(SUBSTITUTE(UPPER($H26)," ",""),"D",""),";",REPT(" ",30)),91,30))),0)+IFERROR(VALUE(TRIM(MID(SUBSTITUTE(SUBSTITUTE(SUBSTITUTE(UPPER($H26)," ",""),"D",""),";",REPT(" ",30)),121,30))),0)+IFERROR(VALUE(TRIM(MID(SUBSTITUTE(SUBSTITUTE(SUBSTITUTE(UPPER($H26)," ",""),"D",""),";",REPT(" ",30)),151,30))),0)+IFERROR(VALUE(TRIM(MID(SUBSTITUTE(SUBSTITUTE(SUBSTITUTE(UPPER($H26)," ",""),"D",""),";",REPT(" ",30)),181,30))),0)+IFERROR(VALUE(TRIM(MID(SUBSTITUTE(SUBSTITUTE(SUBSTITUTE(UPPER($H26)," ",""),"D",""),";",REPT(" ",30)),211,30))),0))))) | N26: =IF($C26="","",IF($E26="Falta","-",MAX(0,MIN(10,8+IFERROR(VALUE(TRIM(MID(SUBSTITUTE(SUBSTITUTE(SUBSTITUTE(UPPER($L26)," ",""),"F",""),";",REPT(" ",30)),1,30))),0)+IFERROR(VALUE(TRIM(MID(SUBSTITUTE(SUBSTITUTE(SUBSTITUTE(UPPER($L26)," ",""),"F",""),";",REPT(" ",30)),31,30))),0)+IFERROR(VALUE(TRIM(MID(SUBSTITUTE(SUBSTITUTE(SUBSTITUTE(UPPER($L26)," ",""),"F",""),";",REPT(" ",30)),61,30))),0)+IFERROR(VALUE(TRIM(MID(SUBSTITUTE(SUBSTITUTE(SUBSTITUTE(UPPER($L26)," ",""),"F",""),";",REPT(" ",30)),91,30))),0)+IFERROR(VALUE(TRIM(MID(SUBSTITUTE(SUBSTITUTE(SUBSTITUTE(UPPER($L26)," ",""),"F",""),";",REPT(" ",30)),121,30))),0)+IFERROR(VALUE(TRIM(MID(SUBSTITUTE(SUBSTITUTE(SUBSTITUTE(UPPER($L26)," ",""),"F",""),";",REPT(" ",30)),151,30))),0)+IFERROR(VALUE(TRIM(MID(SUBSTITUTE(SUBSTITUTE(SUBSTITUTE(UPPER($L26)," ",""),"F",""),";",REPT(" ",30)),181,30))),0)+IFERROR(VALUE(TRIM(MID(SUBSTITUTE(SUBSTITUTE(SUBSTITUTE(UPPER($L26)," ",""),"F",""),";",REPT(" ",30)),211,30))),0))))) | R26: =IF($C26="","",IF($E26="Falta","-",MAX(0,MIN(10,5+IFERROR(VALUE(TRIM(MID(SUBSTITUTE(SUBSTITUTE(SUBSTITUTE(UPPER($P26)," ",""),"C",""),";",REPT(" ",30)),1,30))),0)+IFERROR(VALUE(TRIM(MID(SUBSTITUTE(SUBSTITUTE(SUBSTITUTE(UPPER($P26)," ",""),"C",""),";",REPT(" ",30)),31,30))),0)+IFERROR(VALUE(TRIM(MID(SUBSTITUTE(SUBSTITUTE(SUBSTITUTE(UPPER($P26)," ",""),"C",""),";",REPT(" ",30)),61,30))),0)+IFERROR(VALUE(TRIM(MID(SUBSTITUTE(SUBSTITUTE(SUBSTITUTE(UPPER($P26)," ",""),"C",""),";",REPT(" ",30)),91,30))),0)+IFERROR(VALUE(TRIM(MID(SUBSTITUTE(SUBSTITUTE(SUBSTITUTE(UPPER($P26)," ",""),"C",""),";",REPT(" ",30)),121,30))),0)+IFERROR(VALUE(TRIM(MID(SUBSTITUTE(SUBSTITUTE(SUBSTITUTE(UPPER($P26)," ",""),"C",""),";",REPT(" ",30)),151,30))),0)+IFERROR(VALUE(TRIM(MID(SUBSTITUTE(SUBSTITUTE(SUBSTITUTE(UPPER($P26)," ",""),"C",""),";",REPT(" ",30)),181,30))),0)+IFERROR(VALUE(TRIM(MID(SUBSTITUTE(SUBSTITUTE(SUBSTITUTE(UPPER($P26)," ",""),"C",""),";",REPT(" ",30)),211,30))),0))))) | V26: =IF($C26="","",IF($E26="Falta","-",MAX(0,MIN(10,5+IFERROR(VALUE(TRIM(MID(SUBSTITUTE(SUBSTITUTE(SUBSTITUTE(UPPER($T26)," ",""),"P",""),";",REPT(" ",30)),1,30))),0)+IFERROR(VALUE(TRIM(MID(SUBSTITUTE(SUBSTITUTE(SUBSTITUTE(UPPER($T26)," ",""),"P",""),";",REPT(" ",30)),31,30))),0)+IFERROR(VALUE(TRIM(MID(SUBSTITUTE(SUBSTITUTE(SUBSTITUTE(UPPER($T26)," ",""),"P",""),";",REPT(" ",30)),61,30))),0)+IFERROR(VALUE(TRIM(MID(SUBSTITUTE(SUBSTITUTE(SUBSTITUTE(UPPER($T26)," ",""),"P",""),";",REPT(" ",30)),91,30))),0)+IFERROR(VALUE(TRIM(MID(SUBSTITUTE(SUBSTITUTE(SUBSTITUTE(UPPER($T26)," ",""),"P",""),";",REPT(" ",30)),121,30))),0)+IFERROR(VALUE(TRIM(MID(SUBSTITUTE(SUBSTITUTE(SUBSTITUTE(UPPER($T26)," ",""),"P",""),";",REPT(" ",30)),151,30))),0)+IFERROR(VALUE(TRIM(MID(SUBSTITUTE(SUBSTITUTE(SUBSTITUTE(UPPER($T26)," ",""),"P",""),";",REPT(" ",30)),181,30))),0)+IFERROR(VALUE(TRIM(MID(SUBSTITUTE(SUBSTITUTE(SUBSTITUTE(UPPER($T26)," ",""),"P",""),";",REPT(" ",30)),211,30))),0)))))
A27: =IF($C27="","",5) | B27: =IF($C27="","","4ª Sessão") | C27: =IF(Preenchimento!$B$14="","",Preenchimento!$B$14) | D27: =IF($C27="","",IF(Preenchimento!$C$14="","-",Preenchimento!$C$14)) | J27: =IF($C27="","",IF($E27="Falta","-",MAX(0,MIN(10,8+IFERROR(VALUE(TRIM(MID(SUBSTITUTE(SUBSTITUTE(SUBSTITUTE(UPPER($H27)," ",""),"D",""),";",REPT(" ",30)),1,30))),0)+IFERROR(VALUE(TRIM(MID(SUBSTITUTE(SUBSTITUTE(SUBSTITUTE(UPPER($H27)," ",""),"D",""),";",REPT(" ",30)),31,30))),0)+IFERROR(VALUE(TRIM(MID(SUBSTITUTE(SUBSTITUTE(SUBSTITUTE(UPPER($H27)," ",""),"D",""),";",REPT(" ",30)),61,30))),0)+IFERROR(VALUE(TRIM(MID(SUBSTITUTE(SUBSTITUTE(SUBSTITUTE(UPPER($H27)," ",""),"D",""),";",REPT(" ",30)),91,30))),0)+IFERROR(VALUE(TRIM(MID(SUBSTITUTE(SUBSTITUTE(SUBSTITUTE(UPPER($H27)," ",""),"D",""),";",REPT(" ",30)),121,30))),0)+IFERROR(VALUE(TRIM(MID(SUBSTITUTE(SUBSTITUTE(SUBSTITUTE(UPPER($H27)," ",""),"D",""),";",REPT(" ",30)),151,30))),0)+IFERROR(VALUE(TRIM(MID(SUBSTITUTE(SUBSTITUTE(SUBSTITUTE(UPPER($H27)," ",""),"D",""),";",REPT(" ",30)),181,30))),0)+IFERROR(VALUE(TRIM(MID(SUBSTITUTE(SUBSTITUTE(SUBSTITUTE(UPPER($H27)," ",""),"D",""),";",REPT(" ",30)),211,30))),0))))) | N27: =IF($C27="","",IF($E27="Falta","-",MAX(0,MIN(10,8+IFERROR(VALUE(TRIM(MID(SUBSTITUTE(SUBSTITUTE(SUBSTITUTE(UPPER($L27)," ",""),"F",""),";",REPT(" ",30)),1,30))),0)+IFERROR(VALUE(TRIM(MID(SUBSTITUTE(SUBSTITUTE(SUBSTITUTE(UPPER($L27)," ",""),"F",""),";",REPT(" ",30)),31,30))),0)+IFERROR(VALUE(TRIM(MID(SUBSTITUTE(SUBSTITUTE(SUBSTITUTE(UPPER($L27)," ",""),"F",""),";",REPT(" ",30)),61,30))),0)+IFERROR(VALUE(TRIM(MID(SUBSTITUTE(SUBSTITUTE(SUBSTITUTE(UPPER($L27)," ",""),"F",""),";",REPT(" ",30)),91,30))),0)+IFERROR(VALUE(TRIM(MID(SUBSTITUTE(SUBSTITUTE(SUBSTITUTE(UPPER($L27)," ",""),"F",""),";",REPT(" ",30)),121,30))),0)+IFERROR(VALUE(TRIM(MID(SUBSTITUTE(SUBSTITUTE(SUBSTITUTE(UPPER($L27)," ",""),"F",""),";",REPT(" ",30)),151,30))),0)+IFERROR(VALUE(TRIM(MID(SUBSTITUTE(SUBSTITUTE(SUBSTITUTE(UPPER($L27)," ",""),"F",""),";",REPT(" ",30)),181,30))),0)+IFERROR(VALUE(TRIM(MID(SUBSTITUTE(SUBSTITUTE(SUBSTITUTE(UPPER($L27)," ",""),"F",""),";",REPT(" ",30)),211,30))),0))))) | R27: =IF($C27="","",IF($E27="Falta","-",MAX(0,MIN(10,5+IFERROR(VALUE(TRIM(MID(SUBSTITUTE(SUBSTITUTE(SUBSTITUTE(UPPER($P27)," ",""),"C",""),";",REPT(" ",30)),1,30))),0)+IFERROR(VALUE(TRIM(MID(SUBSTITUTE(SUBSTITUTE(SUBSTITUTE(UPPER($P27)," ",""),"C",""),";",REPT(" ",30)),31,30))),0)+IFERROR(VALUE(TRIM(MID(SUBSTITUTE(SUBSTITUTE(SUBSTITUTE(UPPER($P27)," ",""),"C",""),";",REPT(" ",30)),61,30))),0)+IFERROR(VALUE(TRIM(MID(SUBSTITUTE(SUBSTITUTE(SUBSTITUTE(UPPER($P27)," ",""),"C",""),";",REPT(" ",30)),91,30))),0)+IFERROR(VALUE(TRIM(MID(SUBSTITUTE(SUBSTITUTE(SUBSTITUTE(UPPER($P27)," ",""),"C",""),";",REPT(" ",30)),121,30))),0)+IFERROR(VALUE(TRIM(MID(SUBSTITUTE(SUBSTITUTE(SUBSTITUTE(UPPER($P27)," ",""),"C",""),";",REPT(" ",30)),151,30))),0)+IFERROR(VALUE(TRIM(MID(SUBSTITUTE(SUBSTITUTE(SUBSTITUTE(UPPER($P27)," ",""),"C",""),";",REPT(" ",30)),181,30))),0)+IFERROR(VALUE(TRIM(MID(SUBSTITUTE(SUBSTITUTE(SUBSTITUTE(UPPER($P27)," ",""),"C",""),";",REPT(" ",30)),211,30))),0))))) | V27: =IF($C27="","",IF($E27="Falta","-",MAX(0,MIN(10,5+IFERROR(VALUE(TRIM(MID(SUBSTITUTE(SUBSTITUTE(SUBSTITUTE(UPPER($T27)," ",""),"P",""),";",REPT(" ",30)),1,30))),0)+IFERROR(VALUE(TRIM(MID(SUBSTITUTE(SUBSTITUTE(SUBSTITUTE(UPPER($T27)," ",""),"P",""),";",REPT(" ",30)),31,30))),0)+IFERROR(VALUE(TRIM(MID(SUBSTITUTE(SUBSTITUTE(SUBSTITUTE(UPPER($T27)," ",""),"P",""),";",REPT(" ",30)),61,30))),0)+IFERROR(VALUE(TRIM(MID(SUBSTITUTE(SUBSTITUTE(SUBSTITUTE(UPPER($T27)," ",""),"P",""),";",REPT(" ",30)),91,30))),0)+IFERROR(VALUE(TRIM(MID(SUBSTITUTE(SUBSTITUTE(SUBSTITUTE(UPPER($T27)," ",""),"P",""),";",REPT(" ",30)),121,30))),0)+IFERROR(VALUE(TRIM(MID(SUBSTITUTE(SUBSTITUTE(SUBSTITUTE(UPPER($T27)," ",""),"P",""),";",REPT(" ",30)),151,30))),0)+IFERROR(VALUE(TRIM(MID(SUBSTITUTE(SUBSTITUTE(SUBSTITUTE(UPPER($T27)," ",""),"P",""),";",REPT(" ",30)),181,30))),0)+IFERROR(VALUE(TRIM(MID(SUBSTITUTE(SUBSTITUTE(SUBSTITUTE(UPPER($T27)," ",""),"P",""),";",REPT(" ",30)),211,30))),0)))))
A28: =IF($C28="","",5) | B28: =IF($C28="","","5ª Sessão") | C28: =IF(Preenchimento!$B$14="","",Preenchimento!$B$14) | D28: =IF($C28="","",IF(Preenchimento!$C$14="","-",Preenchimento!$C$14)) | J28: =IF($C28="","",IF($E28="Falta","-",MAX(0,MIN(10,8+IFERROR(VALUE(TRIM(MID(SUBSTITUTE(SUBSTITUTE(SUBSTITUTE(UPPER($H28)," ",""),"D",""),";",REPT(" ",30)),1,30))),0)+IFERROR(VALUE(TRIM(MID(SUBSTITUTE(SUBSTITUTE(SUBSTITUTE(UPPER($H28)," ",""),"D",""),";",REPT(" ",30)),31,30))),0)+IFERROR(VALUE(TRIM(MID(SUBSTITUTE(SUBSTITUTE(SUBSTITUTE(UPPER($H28)," ",""),"D",""),";",REPT(" ",30)),61,30))),0)+IFERROR(VALUE(TRIM(MID(SUBSTITUTE(SUBSTITUTE(SUBSTITUTE(UPPER($H28)," ",""),"D",""),";",REPT(" ",30)),91,30))),0)+IFERROR(VALUE(TRIM(MID(SUBSTITUTE(SUBSTITUTE(SUBSTITUTE(UPPER($H28)," ",""),"D",""),";",REPT(" ",30)),121,30))),0)+IFERROR(VALUE(TRIM(MID(SUBSTITUTE(SUBSTITUTE(SUBSTITUTE(UPPER($H28)," ",""),"D",""),";",REPT(" ",30)),151,30))),0)+IFERROR(VALUE(TRIM(MID(SUBSTITUTE(SUBSTITUTE(SUBSTITUTE(UPPER($H28)," ",""),"D",""),";",REPT(" ",30)),181,30))),0)+IFERROR(VALUE(TRIM(MID(SUBSTITUTE(SUBSTITUTE(SUBSTITUTE(UPPER($H28)," ",""),"D",""),";",REPT(" ",30)),211,30))),0))))) | N28: =IF($C28="","",IF($E28="Falta","-",MAX(0,MIN(10,8+IFERROR(VALUE(TRIM(MID(SUBSTITUTE(SUBSTITUTE(SUBSTITUTE(UPPER($L28)," ",""),"F",""),";",REPT(" ",30)),1,30))),0)+IFERROR(VALUE(TRIM(MID(SUBSTITUTE(SUBSTITUTE(SUBSTITUTE(UPPER($L28)," ",""),"F",""),";",REPT(" ",30)),31,30))),0)+IFERROR(VALUE(TRIM(MID(SUBSTITUTE(SUBSTITUTE(SUBSTITUTE(UPPER($L28)," ",""),"F",""),";",REPT(" ",30)),61,30))),0)+IFERROR(VALUE(TRIM(MID(SUBSTITUTE(SUBSTITUTE(SUBSTITUTE(UPPER($L28)," ",""),"F",""),";",REPT(" ",30)),91,30))),0)+IFERROR(VALUE(TRIM(MID(SUBSTITUTE(SUBSTITUTE(SUBSTITUTE(UPPER($L28)," ",""),"F",""),";",REPT(" ",30)),121,30))),0)+IFERROR(VALUE(TRIM(MID(SUBSTITUTE(SUBSTITUTE(SUBSTITUTE(UPPER($L28)," ",""),"F",""),";",REPT(" ",30)),151,30))),0)+IFERROR(VALUE(TRIM(MID(SUBSTITUTE(SUBSTITUTE(SUBSTITUTE(UPPER($L28)," ",""),"F",""),";",REPT(" ",30)),181,30))),0)+IFERROR(VALUE(TRIM(MID(SUBSTITUTE(SUBSTITUTE(SUBSTITUTE(UPPER($L28)," ",""),"F",""),";",REPT(" ",30)),211,30))),0))))) | R28: =IF($C28="","",IF($E28="Falta","-",MAX(0,MIN(10,5+IFERROR(VALUE(TRIM(MID(SUBSTITUTE(SUBSTITUTE(SUBSTITUTE(UPPER($P28)," ",""),"C",""),";",REPT(" ",30)),1,30))),0)+IFERROR(VALUE(TRIM(MID(SUBSTITUTE(SUBSTITUTE(SUBSTITUTE(UPPER($P28)," ",""),"C",""),";",REPT(" ",30)),31,30))),0)+IFERROR(VALUE(TRIM(MID(SUBSTITUTE(SUBSTITUTE(SUBSTITUTE(UPPER($P28)," ",""),"C",""),";",REPT(" ",30)),61,30))),0)+IFERROR(VALUE(TRIM(MID(SUBSTITUTE(SUBSTITUTE(SUBSTITUTE(UPPER($P28)," ",""),"C",""),";",REPT(" ",30)),91,30))),0)+IFERROR(VALUE(TRIM(MID(SUBSTITUTE(SUBSTITUTE(SUBSTITUTE(UPPER($P28)," ",""),"C",""),";",REPT(" ",30)),121,30))),0)+IFERROR(VALUE(TRIM(MID(SUBSTITUTE(SUBSTITUTE(SUBSTITUTE(UPPER($P28)," ",""),"C",""),";",REPT(" ",30)),151,30))),0)+IFERROR(VALUE(TRIM(MID(SUBSTITUTE(SUBSTITUTE(SUBSTITUTE(UPPER($P28)," ",""),"C",""),";",REPT(" ",30)),181,30))),0)+IFERROR(VALUE(TRIM(MID(SUBSTITUTE(SUBSTITUTE(SUBSTITUTE(UPPER($P28)," ",""),"C",""),";",REPT(" ",30)),211,30))),0))))) | V28: =IF($C28="","",IF($E28="Falta","-",MAX(0,MIN(10,5+IFERROR(VALUE(TRIM(MID(SUBSTITUTE(SUBSTITUTE(SUBSTITUTE(UPPER($T28)," ",""),"P",""),";",REPT(" ",30)),1,30))),0)+IFERROR(VALUE(TRIM(MID(SUBSTITUTE(SUBSTITUTE(SUBSTITUTE(UPPER($T28)," ",""),"P",""),";",REPT(" ",30)),31,30))),0)+IFERROR(VALUE(TRIM(MID(SUBSTITUTE(SUBSTITUTE(SUBSTITUTE(UPPER($T28)," ",""),"P",""),";",REPT(" ",30)),61,30))),0)+IFERROR(VALUE(TRIM(MID(SUBSTITUTE(SUBSTITUTE(SUBSTITUTE(UPPER($T28)," ",""),"P",""),";",REPT(" ",30)),91,30))),0)+IFERROR(VALUE(TRIM(MID(SUBSTITUTE(SUBSTITUTE(SUBSTITUTE(UPPER($T28)," ",""),"P",""),";",REPT(" ",30)),121,30))),0)+IFERROR(VALUE(TRIM(MID(SUBSTITUTE(SUBSTITUTE(SUBSTITUTE(UPPER($T28)," ",""),"P",""),";",REPT(" ",30)),151,30))),0)+IFERROR(VALUE(TRIM(MID(SUBSTITUTE(SUBSTITUTE(SUBSTITUTE(UPPER($T28)," ",""),"P",""),";",REPT(" ",30)),181,30))),0)+IFERROR(VALUE(TRIM(MID(SUBSTITUTE(SUBSTITUTE(SUBSTITUTE(UPPER($T28)," ",""),"P",""),";",REPT(" ",30)),211,30))),0)))))
A29: =IF($C29="","",6) | B29: =IF($C29="","","1ª Sessão") | C29: =IF(Preenchimento!$B$15="","",Preenchimento!$B$15) | D29: =IF($C29="","",IF(Preenchimento!$C$15="","-",Preenchimento!$C$15)) | J29: =IF($C29="","",IF($E29="Falta","-",MAX(0,MIN(10,8+IFERROR(VALUE(TRIM(MID(SUBSTITUTE(SUBSTITUTE(SUBSTITUTE(UPPER($H29)," ",""),"D",""),";",REPT(" ",30)),1,30))),0)+IFERROR(VALUE(TRIM(MID(SUBSTITUTE(SUBSTITUTE(SUBSTITUTE(UPPER($H29)," ",""),"D",""),";",REPT(" ",30)),31,30))),0)+IFERROR(VALUE(TRIM(MID(SUBSTITUTE(SUBSTITUTE(SUBSTITUTE(UPPER($H29)," ",""),"D",""),";",REPT(" ",30)),61,30))),0)+IFERROR(VALUE(TRIM(MID(SUBSTITUTE(SUBSTITUTE(SUBSTITUTE(UPPER($H29)," ",""),"D",""),";",REPT(" ",30)),91,30))),0)+IFERROR(VALUE(TRIM(MID(SUBSTITUTE(SUBSTITUTE(SUBSTITUTE(UPPER($H29)," ",""),"D",""),";",REPT(" ",30)),121,30))),0)+IFERROR(VALUE(TRIM(MID(SUBSTITUTE(SUBSTITUTE(SUBSTITUTE(UPPER($H29)," ",""),"D",""),";",REPT(" ",30)),151,30))),0)+IFERROR(VALUE(TRIM(MID(SUBSTITUTE(SUBSTITUTE(SUBSTITUTE(UPPER($H29)," ",""),"D",""),";",REPT(" ",30)),181,30))),0)+IFERROR(VALUE(TRIM(MID(SUBSTITUTE(SUBSTITUTE(SUBSTITUTE(UPPER($H29)," ",""),"D",""),";",REPT(" ",30)),211,30))),0))))) | N29: =IF($C29="","",IF($E29="Falta","-",MAX(0,MIN(10,8+IFERROR(VALUE(TRIM(MID(SUBSTITUTE(SUBSTITUTE(SUBSTITUTE(UPPER($L29)," ",""),"F",""),";",REPT(" ",30)),1,30))),0)+IFERROR(VALUE(TRIM(MID(SUBSTITUTE(SUBSTITUTE(SUBSTITUTE(UPPER($L29)," ",""),"F",""),";",REPT(" ",30)),31,30))),0)+IFERROR(VALUE(TRIM(MID(SUBSTITUTE(SUBSTITUTE(SUBSTITUTE(UPPER($L29)," ",""),"F",""),";",REPT(" ",30)),61,30))),0)+IFERROR(VALUE(TRIM(MID(SUBSTITUTE(SUBSTITUTE(SUBSTITUTE(UPPER($L29)," ",""),"F",""),";",REPT(" ",30)),91,30))),0)+IFERROR(VALUE(TRIM(MID(SUBSTITUTE(SUBSTITUTE(SUBSTITUTE(UPPER($L29)," ",""),"F",""),";",REPT(" ",30)),121,30))),0)+IFERROR(VALUE(TRIM(MID(SUBSTITUTE(SUBSTITUTE(SUBSTITUTE(UPPER($L29)," ",""),"F",""),";",REPT(" ",30)),151,30))),0)+IFERROR(VALUE(TRIM(MID(SUBSTITUTE(SUBSTITUTE(SUBSTITUTE(UPPER($L29)," ",""),"F",""),";",REPT(" ",30)),181,30))),0)+IFERROR(VALUE(TRIM(MID(SUBSTITUTE(SUBSTITUTE(SUBSTITUTE(UPPER($L29)," ",""),"F",""),";",REPT(" ",30)),211,30))),0))))) | R29: =IF($C29="","",IF($E29="Falta","-",MAX(0,MIN(10,5+IFERROR(VALUE(TRIM(MID(SUBSTITUTE(SUBSTITUTE(SUBSTITUTE(UPPER($P29)," ",""),"C",""),";",REPT(" ",30)),1,30))),0)+IFERROR(VALUE(TRIM(MID(SUBSTITUTE(SUBSTITUTE(SUBSTITUTE(UPPER($P29)," ",""),"C",""),";",REPT(" ",30)),31,30))),0)+IFERROR(VALUE(TRIM(MID(SUBSTITUTE(SUBSTITUTE(SUBSTITUTE(UPPER($P29)," ",""),"C",""),";",REPT(" ",30)),61,30))),0)+IFERROR(VALUE(TRIM(MID(SUBSTITUTE(SUBSTITUTE(SUBSTITUTE(UPPER($P29)," ",""),"C",""),";",REPT(" ",30)),91,30))),0)+IFERROR(VALUE(TRIM(MID(SUBSTITUTE(SUBSTITUTE(SUBSTITUTE(UPPER($P29)," ",""),"C",""),";",REPT(" ",30)),121,30))),0)+IFERROR(VALUE(TRIM(MID(SUBSTITUTE(SUBSTITUTE(SUBSTITUTE(UPPER($P29)," ",""),"C",""),";",REPT(" ",30)),151,30))),0)+IFERROR(VALUE(TRIM(MID(SUBSTITUTE(SUBSTITUTE(SUBSTITUTE(UPPER($P29)," ",""),"C",""),";",REPT(" ",30)),181,30))),0)+IFERROR(VALUE(TRIM(MID(SUBSTITUTE(SUBSTITUTE(SUBSTITUTE(UPPER($P29)," ",""),"C",""),";",REPT(" ",30)),211,30))),0))))) | V29: =IF($C29="","",IF($E29="Falta","-",MAX(0,MIN(10,5+IFERROR(VALUE(TRIM(MID(SUBSTITUTE(SUBSTITUTE(SUBSTITUTE(UPPER($T29)," ",""),"P",""),";",REPT(" ",30)),1,30))),0)+IFERROR(VALUE(TRIM(MID(SUBSTITUTE(SUBSTITUTE(SUBSTITUTE(UPPER($T29)," ",""),"P",""),";",REPT(" ",30)),31,30))),0)+IFERROR(VALUE(TRIM(MID(SUBSTITUTE(SUBSTITUTE(SUBSTITUTE(UPPER($T29)," ",""),"P",""),";",REPT(" ",30)),61,30))),0)+IFERROR(VALUE(TRIM(MID(SUBSTITUTE(SUBSTITUTE(SUBSTITUTE(UPPER($T29)," ",""),"P",""),";",REPT(" ",30)),91,30))),0)+IFERROR(VALUE(TRIM(MID(SUBSTITUTE(SUBSTITUTE(SUBSTITUTE(UPPER($T29)," ",""),"P",""),";",REPT(" ",30)),121,30))),0)+IFERROR(VALUE(TRIM(MID(SUBSTITUTE(SUBSTITUTE(SUBSTITUTE(UPPER($T29)," ",""),"P",""),";",REPT(" ",30)),151,30))),0)+IFERROR(VALUE(TRIM(MID(SUBSTITUTE(SUBSTITUTE(SUBSTITUTE(UPPER($T29)," ",""),"P",""),";",REPT(" ",30)),181,30))),0)+IFERROR(VALUE(TRIM(MID(SUBSTITUTE(SUBSTITUTE(SUBSTITUTE(UPPER($T29)," ",""),"P",""),";",REPT(" ",30)),211,30))),0)))))
A30: =IF($C30="","",6) | B30: =IF($C30="","","2ª Sessão") | C30: =IF(Preenchimento!$B$15="","",Preenchimento!$B$15) | D30: =IF($C30="","",IF(Preenchimento!$C$15="","-",Preenchimento!$C$15)) | J30: =IF($C30="","",IF($E30="Falta","-",MAX(0,MIN(10,8+IFERROR(VALUE(TRIM(MID(SUBSTITUTE(SUBSTITUTE(SUBSTITUTE(UPPER($H30)," ",""),"D",""),";",REPT(" ",30)),1,30))),0)+IFERROR(VALUE(TRIM(MID(SUBSTITUTE(SUBSTITUTE(SUBSTITUTE(UPPER($H30)," ",""),"D",""),";",REPT(" ",30)),31,30))),0)+IFERROR(VALUE(TRIM(MID(SUBSTITUTE(SUBSTITUTE(SUBSTITUTE(UPPER($H30)," ",""),"D",""),";",REPT(" ",30)),61,30))),0)+IFERROR(VALUE(TRIM(MID(SUBSTITUTE(SUBSTITUTE(SUBSTITUTE(UPPER($H30)," ",""),"D",""),";",REPT(" ",30)),91,30))),0)+IFERROR(VALUE(TRIM(MID(SUBSTITUTE(SUBSTITUTE(SUBSTITUTE(UPPER($H30)," ",""),"D",""),";",REPT(" ",30)),121,30))),0)+IFERROR(VALUE(TRIM(MID(SUBSTITUTE(SUBSTITUTE(SUBSTITUTE(UPPER($H30)," ",""),"D",""),";",REPT(" ",30)),151,30))),0)+IFERROR(VALUE(TRIM(MID(SUBSTITUTE(SUBSTITUTE(SUBSTITUTE(UPPER($H30)," ",""),"D",""),";",REPT(" ",30)),181,30))),0)+IFERROR(VALUE(TRIM(MID(SUBSTITUTE(SUBSTITUTE(SUBSTITUTE(UPPER($H30)," ",""),"D",""),";",REPT(" ",30)),211,30))),0))))) | N30: =IF($C30="","",IF($E30="Falta","-",MAX(0,MIN(10,8+IFERROR(VALUE(TRIM(MID(SUBSTITUTE(SUBSTITUTE(SUBSTITUTE(UPPER($L30)," ",""),"F",""),";",REPT(" ",30)),1,30))),0)+IFERROR(VALUE(TRIM(MID(SUBSTITUTE(SUBSTITUTE(SUBSTITUTE(UPPER($L30)," ",""),"F",""),";",REPT(" ",30)),31,30))),0)+IFERROR(VALUE(TRIM(MID(SUBSTITUTE(SUBSTITUTE(SUBSTITUTE(UPPER($L30)," ",""),"F",""),";",REPT(" ",30)),61,30))),0)+IFERROR(VALUE(TRIM(MID(SUBSTITUTE(SUBSTITUTE(SUBSTITUTE(UPPER($L30)," ",""),"F",""),";",REPT(" ",30)),91,30))),0)+IFERROR(VALUE(TRIM(MID(SUBSTITUTE(SUBSTITUTE(SUBSTITUTE(UPPER($L30)," ",""),"F",""),";",REPT(" ",30)),121,30))),0)+IFERROR(VALUE(TRIM(MID(SUBSTITUTE(SUBSTITUTE(SUBSTITUTE(UPPER($L30)," ",""),"F",""),";",REPT(" ",30)),151,30))),0)+IFERROR(VALUE(TRIM(MID(SUBSTITUTE(SUBSTITUTE(SUBSTITUTE(UPPER($L30)," ",""),"F",""),";",REPT(" ",30)),181,30))),0)+IFERROR(VALUE(TRIM(MID(SUBSTITUTE(SUBSTITUTE(SUBSTITUTE(UPPER($L30)," ",""),"F",""),";",REPT(" ",30)),211,30))),0))))) | R30: =IF($C30="","",IF($E30="Falta","-",MAX(0,MIN(10,5+IFERROR(VALUE(TRIM(MID(SUBSTITUTE(SUBSTITUTE(SUBSTITUTE(UPPER($P30)," ",""),"C",""),";",REPT(" ",30)),1,30))),0)+IFERROR(VALUE(TRIM(MID(SUBSTITUTE(SUBSTITUTE(SUBSTITUTE(UPPER($P30)," ",""),"C",""),";",REPT(" ",30)),31,30))),0)+IFERROR(VALUE(TRIM(MID(SUBSTITUTE(SUBSTITUTE(SUBSTITUTE(UPPER($P30)," ",""),"C",""),";",REPT(" ",30)),61,30))),0)+IFERROR(VALUE(TRIM(MID(SUBSTITUTE(SUBSTITUTE(SUBSTITUTE(UPPER($P30)," ",""),"C",""),";",REPT(" ",30)),91,30))),0)+IFERROR(VALUE(TRIM(MID(SUBSTITUTE(SUBSTITUTE(SUBSTITUTE(UPPER($P30)," ",""),"C",""),";",REPT(" ",30)),121,30))),0)+IFERROR(VALUE(TRIM(MID(SUBSTITUTE(SUBSTITUTE(SUBSTITUTE(UPPER($P30)," ",""),"C",""),";",REPT(" ",30)),151,30))),0)+IFERROR(VALUE(TRIM(MID(SUBSTITUTE(SUBSTITUTE(SUBSTITUTE(UPPER($P30)," ",""),"C",""),";",REPT(" ",30)),181,30))),0)+IFERROR(VALUE(TRIM(MID(SUBSTITUTE(SUBSTITUTE(SUBSTITUTE(UPPER($P30)," ",""),"C",""),";",REPT(" ",30)),211,30))),0))))) | V30: =IF($C30="","",IF($E30="Falta","-",MAX(0,MIN(10,5+IFERROR(VALUE(TRIM(MID(SUBSTITUTE(SUBSTITUTE(SUBSTITUTE(UPPER($T30)," ",""),"P",""),";",REPT(" ",30)),1,30))),0)+IFERROR(VALUE(TRIM(MID(SUBSTITUTE(SUBSTITUTE(SUBSTITUTE(UPPER($T30)," ",""),"P",""),";",REPT(" ",30)),31,30))),0)+IFERROR(VALUE(TRIM(MID(SUBSTITUTE(SUBSTITUTE(SUBSTITUTE(UPPER($T30)," ",""),"P",""),";",REPT(" ",30)),61,30))),0)+IFERROR(VALUE(TRIM(MID(SUBSTITUTE(SUBSTITUTE(SUBSTITUTE(UPPER($T30)," ",""),"P",""),";",REPT(" ",30)),91,30))),0)+IFERROR(VALUE(TRIM(MID(SUBSTITUTE(SUBSTITUTE(SUBSTITUTE(UPPER($T30)," ",""),"P",""),";",REPT(" ",30)),121,30))),0)+IFERROR(VALUE(TRIM(MID(SUBSTITUTE(SUBSTITUTE(SUBSTITUTE(UPPER($T30)," ",""),"P",""),";",REPT(" ",30)),151,30))),0)+IFERROR(VALUE(TRIM(MID(SUBSTITUTE(SUBSTITUTE(SUBSTITUTE(UPPER($T30)," ",""),"P",""),";",REPT(" ",30)),181,30))),0)+IFERROR(VALUE(TRIM(MID(SUBSTITUTE(SUBSTITUTE(SUBSTITUTE(UPPER($T30)," ",""),"P",""),";",REPT(" ",30)),211,30))),0)))))
A31: =IF($C31="","",6) | B31: =IF($C31="","","3ª Sessão") | C31: =IF(Preenchimento!$B$15="","",Preenchimento!$B$15) | D31: =IF($C31="","",IF(Preenchimento!$C$15="","-",Preenchimento!$C$15)) | J31: =IF($C31="","",IF($E31="Falta","-",MAX(0,MIN(10,8+IFERROR(VALUE(TRIM(MID(SUBSTITUTE(SUBSTITUTE(SUBSTITUTE(UPPER($H31)," ",""),"D",""),";",REPT(" ",30)),1,30))),0)+IFERROR(VALUE(TRIM(MID(SUBSTITUTE(SUBSTITUTE(SUBSTITUTE(UPPER($H31)," ",""),"D",""),";",REPT(" ",30)),31,30))),0)+IFERROR(VALUE(TRIM(MID(SUBSTITUTE(SUBSTITUTE(SUBSTITUTE(UPPER($H31)," ",""),"D",""),";",REPT(" ",30)),61,30))),0)+IFERROR(VALUE(TRIM(MID(SUBSTITUTE(SUBSTITUTE(SUBSTITUTE(UPPER($H31)," ",""),"D",""),";",REPT(" ",30)),91,30))),0)+IFERROR(VALUE(TRIM(MID(SUBSTITUTE(SUBSTITUTE(SUBSTITUTE(UPPER($H31)," ",""),"D",""),";",REPT(" ",30)),121,30))),0)+IFERROR(VALUE(TRIM(MID(SUBSTITUTE(SUBSTITUTE(SUBSTITUTE(UPPER($H31)," ",""),"D",""),";",REPT(" ",30)),151,30))),0)+IFERROR(VALUE(TRIM(MID(SUBSTITUTE(SUBSTITUTE(SUBSTITUTE(UPPER($H31)," ",""),"D",""),";",REPT(" ",30)),181,30))),0)+IFERROR(VALUE(TRIM(MID(SUBSTITUTE(SUBSTITUTE(SUBSTITUTE(UPPER($H31)," ",""),"D",""),";",REPT(" ",30)),211,30))),0))))) | N31: =IF($C31="","",IF($E31="Falta","-",MAX(0,MIN(10,8+IFERROR(VALUE(TRIM(MID(SUBSTITUTE(SUBSTITUTE(SUBSTITUTE(UPPER($L31)," ",""),"F",""),";",REPT(" ",30)),1,30))),0)+IFERROR(VALUE(TRIM(MID(SUBSTITUTE(SUBSTITUTE(SUBSTITUTE(UPPER($L31)," ",""),"F",""),";",REPT(" ",30)),31,30))),0)+IFERROR(VALUE(TRIM(MID(SUBSTITUTE(SUBSTITUTE(SUBSTITUTE(UPPER($L31)," ",""),"F",""),";",REPT(" ",30)),61,30))),0)+IFERROR(VALUE(TRIM(MID(SUBSTITUTE(SUBSTITUTE(SUBSTITUTE(UPPER($L31)," ",""),"F",""),";",REPT(" ",30)),91,30))),0)+IFERROR(VALUE(TRIM(MID(SUBSTITUTE(SUBSTITUTE(SUBSTITUTE(UPPER($L31)," ",""),"F",""),";",REPT(" ",30)),121,30))),0)+IFERROR(VALUE(TRIM(MID(SUBSTITUTE(SUBSTITUTE(SUBSTITUTE(UPPER($L31)," ",""),"F",""),";",REPT(" ",30)),151,30))),0)+IFERROR(VALUE(TRIM(MID(SUBSTITUTE(SUBSTITUTE(SUBSTITUTE(UPPER($L31)," ",""),"F",""),";",REPT(" ",30)),181,30))),0)+IFERROR(VALUE(TRIM(MID(SUBSTITUTE(SUBSTITUTE(SUBSTITUTE(UPPER($L31)," ",""),"F",""),";",REPT(" ",30)),211,30))),0))))) | R31: =IF($C31="","",IF($E31="Falta","-",MAX(0,MIN(10,5+IFERROR(VALUE(TRIM(MID(SUBSTITUTE(SUBSTITUTE(SUBSTITUTE(UPPER($P31)," ",""),"C",""),";",REPT(" ",30)),1,30))),0)+IFERROR(VALUE(TRIM(MID(SUBSTITUTE(SUBSTITUTE(SUBSTITUTE(UPPER($P31)," ",""),"C",""),";",REPT(" ",30)),31,30))),0)+IFERROR(VALUE(TRIM(MID(SUBSTITUTE(SUBSTITUTE(SUBSTITUTE(UPPER($P31)," ",""),"C",""),";",REPT(" ",30)),61,30))),0)+IFERROR(VALUE(TRIM(MID(SUBSTITUTE(SUBSTITUTE(SUBSTITUTE(UPPER($P31)," ",""),"C",""),";",REPT(" ",30)),91,30))),0)+IFERROR(VALUE(TRIM(MID(SUBSTITUTE(SUBSTITUTE(SUBSTITUTE(UPPER($P31)," ",""),"C",""),";",REPT(" ",30)),121,30))),0)+IFERROR(VALUE(TRIM(MID(SUBSTITUTE(SUBSTITUTE(SUBSTITUTE(UPPER($P31)," ",""),"C",""),";",REPT(" ",30)),151,30))),0)+IFERROR(VALUE(TRIM(MID(SUBSTITUTE(SUBSTITUTE(SUBSTITUTE(UPPER($P31)," ",""),"C",""),";",REPT(" ",30)),181,30))),0)+IFERROR(VALUE(TRIM(MID(SUBSTITUTE(SUBSTITUTE(SUBSTITUTE(UPPER($P31)," ",""),"C",""),";",REPT(" ",30)),211,30))),0))))) | V31: =IF($C31="","",IF($E31="Falta","-",MAX(0,MIN(10,5+IFERROR(VALUE(TRIM(MID(SUBSTITUTE(SUBSTITUTE(SUBSTITUTE(UPPER($T31)," ",""),"P",""),";",REPT(" ",30)),1,30))),0)+IFERROR(VALUE(TRIM(MID(SUBSTITUTE(SUBSTITUTE(SUBSTITUTE(UPPER($T31)," ",""),"P",""),";",REPT(" ",30)),31,30))),0)+IFERROR(VALUE(TRIM(MID(SUBSTITUTE(SUBSTITUTE(SUBSTITUTE(UPPER($T31)," ",""),"P",""),";",REPT(" ",30)),61,30))),0)+IFERROR(VALUE(TRIM(MID(SUBSTITUTE(SUBSTITUTE(SUBSTITUTE(UPPER($T31)," ",""),"P",""),";",REPT(" ",30)),91,30))),0)+IFERROR(VALUE(TRIM(MID(SUBSTITUTE(SUBSTITUTE(SUBSTITUTE(UPPER($T31)," ",""),"P",""),";",REPT(" ",30)),121,30))),0)+IFERROR(VALUE(TRIM(MID(SUBSTITUTE(SUBSTITUTE(SUBSTITUTE(UPPER($T31)," ",""),"P",""),";",REPT(" ",30)),151,30))),0)+IFERROR(VALUE(TRIM(MID(SUBSTITUTE(SUBSTITUTE(SUBSTITUTE(UPPER($T31)," ",""),"P",""),";",REPT(" ",30)),181,30))),0)+IFERROR(VALUE(TRIM(MID(SUBSTITUTE(SUBSTITUTE(SUBSTITUTE(UPPER($T31)," ",""),"P",""),";",REPT(" ",30)),211,30))),0)))))
A32: =IF($C32="","",6) | B32: =IF($C32="","","4ª Sessão") | C32: =IF(Preenchimento!$B$15="","",Preenchimento!$B$15) | D32: =IF($C32="","",IF(Preenchimento!$C$15="","-",Preenchimento!$C$15)) | J32: =IF($C32="","",IF($E32="Falta","-",MAX(0,MIN(10,8+IFERROR(VALUE(TRIM(MID(SUBSTITUTE(SUBSTITUTE(SUBSTITUTE(UPPER($H32)," ",""),"D",""),";",REPT(" ",30)),1,30))),0)+IFERROR(VALUE(TRIM(MID(SUBSTITUTE(SUBSTITUTE(SUBSTITUTE(UPPER($H32)," ",""),"D",""),";",REPT(" ",30)),31,30))),0)+IFERROR(VALUE(TRIM(MID(SUBSTITUTE(SUBSTITUTE(SUBSTITUTE(UPPER($H32)," ",""),"D",""),";",REPT(" ",30)),61,30))),0)+IFERROR(VALUE(TRIM(MID(SUBSTITUTE(SUBSTITUTE(SUBSTITUTE(UPPER($H32)," ",""),"D",""),";",REPT(" ",30)),91,30))),0)+IFERROR(VALUE(TRIM(MID(SUBSTITUTE(SUBSTITUTE(SUBSTITUTE(UPPER($H32)," ",""),"D",""),";",REPT(" ",30)),121,30))),0)+IFERROR(VALUE(TRIM(MID(SUBSTITUTE(SUBSTITUTE(SUBSTITUTE(UPPER($H32)," ",""),"D",""),";",REPT(" ",30)),151,30))),0)+IFERROR(VALUE(TRIM(MID(SUBSTITUTE(SUBSTITUTE(SUBSTITUTE(UPPER($H32)," ",""),"D",""),";",REPT(" ",30)),181,30))),0)+IFERROR(VALUE(TRIM(MID(SUBSTITUTE(SUBSTITUTE(SUBSTITUTE(UPPER($H32)," ",""),"D",""),";",REPT(" ",30)),211,30))),0))))) | N32: =IF($C32="","",IF($E32="Falta","-",MAX(0,MIN(10,8+IFERROR(VALUE(TRIM(MID(SUBSTITUTE(SUBSTITUTE(SUBSTITUTE(UPPER($L32)," ",""),"F",""),";",REPT(" ",30)),1,30))),0)+IFERROR(VALUE(TRIM(MID(SUBSTITUTE(SUBSTITUTE(SUBSTITUTE(UPPER($L32)," ",""),"F",""),";",REPT(" ",30)),31,30))),0)+IFERROR(VALUE(TRIM(MID(SUBSTITUTE(SUBSTITUTE(SUBSTITUTE(UPPER($L32)," ",""),"F",""),";",REPT(" ",30)),61,30))),0)+IFERROR(VALUE(TRIM(MID(SUBSTITUTE(SUBSTITUTE(SUBSTITUTE(UPPER($L32)," ",""),"F",""),";",REPT(" ",30)),91,30))),0)+IFERROR(VALUE(TRIM(MID(SUBSTITUTE(SUBSTITUTE(SUBSTITUTE(UPPER($L32)," ",""),"F",""),";",REPT(" ",30)),121,30))),0)+IFERROR(VALUE(TRIM(MID(SUBSTITUTE(SUBSTITUTE(SUBSTITUTE(UPPER($L32)," ",""),"F",""),";",REPT(" ",30)),151,30))),0)+IFERROR(VALUE(TRIM(MID(SUBSTITUTE(SUBSTITUTE(SUBSTITUTE(UPPER($L32)," ",""),"F",""),";",REPT(" ",30)),181,30))),0)+IFERROR(VALUE(TRIM(MID(SUBSTITUTE(SUBSTITUTE(SUBSTITUTE(UPPER($L32)," ",""),"F",""),";",REPT(" ",30)),211,30))),0))))) | R32: =IF($C32="","",IF($E32="Falta","-",MAX(0,MIN(10,5+IFERROR(VALUE(TRIM(MID(SUBSTITUTE(SUBSTITUTE(SUBSTITUTE(UPPER($P32)," ",""),"C",""),";",REPT(" ",30)),1,30))),0)+IFERROR(VALUE(TRIM(MID(SUBSTITUTE(SUBSTITUTE(SUBSTITUTE(UPPER($P32)," ",""),"C",""),";",REPT(" ",30)),31,30))),0)+IFERROR(VALUE(TRIM(MID(SUBSTITUTE(SUBSTITUTE(SUBSTITUTE(UPPER($P32)," ",""),"C",""),";",REPT(" ",30)),61,30))),0)+IFERROR(VALUE(TRIM(MID(SUBSTITUTE(SUBSTITUTE(SUBSTITUTE(UPPER($P32)," ",""),"C",""),";",REPT(" ",30)),91,30))),0)+IFERROR(VALUE(TRIM(MID(SUBSTITUTE(SUBSTITUTE(SUBSTITUTE(UPPER($P32)," ",""),"C",""),";",REPT(" ",30)),121,30))),0)+IFERROR(VALUE(TRIM(MID(SUBSTITUTE(SUBSTITUTE(SUBSTITUTE(UPPER($P32)," ",""),"C",""),";",REPT(" ",30)),151,30))),0)+IFERROR(VALUE(TRIM(MID(SUBSTITUTE(SUBSTITUTE(SUBSTITUTE(UPPER($P32)," ",""),"C",""),";",REPT(" ",30)),181,30))),0)+IFERROR(VALUE(TRIM(MID(SUBSTITUTE(SUBSTITUTE(SUBSTITUTE(UPPER($P32)," ",""),"C",""),";",REPT(" ",30)),211,30))),0))))) | V32: =IF($C32="","",IF($E32="Falta","-",MAX(0,MIN(10,5+IFERROR(VALUE(TRIM(MID(SUBSTITUTE(SUBSTITUTE(SUBSTITUTE(UPPER($T32)," ",""),"P",""),";",REPT(" ",30)),1,30))),0)+IFERROR(VALUE(TRIM(MID(SUBSTITUTE(SUBSTITUTE(SUBSTITUTE(UPPER($T32)," ",""),"P",""),";",REPT(" ",30)),31,30))),0)+IFERROR(VALUE(TRIM(MID(SUBSTITUTE(SUBSTITUTE(SUBSTITUTE(UPPER($T32)," ",""),"P",""),";",REPT(" ",30)),61,30))),0)+IFERROR(VALUE(TRIM(MID(SUBSTITUTE(SUBSTITUTE(SUBSTITUTE(UPPER($T32)," ",""),"P",""),";",REPT(" ",30)),91,30))),0)+IFERROR(VALUE(TRIM(MID(SUBSTITUTE(SUBSTITUTE(SUBSTITUTE(UPPER($T32)," ",""),"P",""),";",REPT(" ",30)),121,30))),0)+IFERROR(VALUE(TRIM(MID(SUBSTITUTE(SUBSTITUTE(SUBSTITUTE(UPPER($T32)," ",""),"P",""),";",REPT(" ",30)),151,30))),0)+IFERROR(VALUE(TRIM(MID(SUBSTITUTE(SUBSTITUTE(SUBSTITUTE(UPPER($T32)," ",""),"P",""),";",REPT(" ",30)),181,30))),0)+IFERROR(VALUE(TRIM(MID(SUBSTITUTE(SUBSTITUTE(SUBSTITUTE(UPPER($T32)," ",""),"P",""),";",REPT(" ",30)),211,30))),0)))))
A33: =IF($C33="","",6) | B33: =IF($C33="","","5ª Sessão") | C33: =IF(Preenchimento!$B$15="","",Preenchimento!$B$15) | D33: =IF($C33="","",IF(Preenchimento!$C$15="","-",Preenchimento!$C$15)) | J33: =IF($C33="","",IF($E33="Falta","-",MAX(0,MIN(10,8+IFERROR(VALUE(TRIM(MID(SUBSTITUTE(SUBSTITUTE(SUBSTITUTE(UPPER($H33)," ",""),"D",""),";",REPT(" ",30)),1,30))),0)+IFERROR(VALUE(TRIM(MID(SUBSTITUTE(SUBSTITUTE(SUBSTITUTE(UPPER($H33)," ",""),"D",""),";",REPT(" ",30)),31,30))),0)+IFERROR(VALUE(TRIM(MID(SUBSTITUTE(SUBSTITUTE(SUBSTITUTE(UPPER($H33)," ",""),"D",""),";",REPT(" ",30)),61,30))),0)+IFERROR(VALUE(TRIM(MID(SUBSTITUTE(SUBSTITUTE(SUBSTITUTE(UPPER($H33)," ",""),"D",""),";",REPT(" ",30)),91,30))),0)+IFERROR(VALUE(TRIM(MID(SUBSTITUTE(SUBSTITUTE(SUBSTITUTE(UPPER($H33)," ",""),"D",""),";",REPT(" ",30)),121,30))),0)+IFERROR(VALUE(TRIM(MID(SUBSTITUTE(SUBSTITUTE(SUBSTITUTE(UPPER($H33)," ",""),"D",""),";",REPT(" ",30)),151,30))),0)+IFERROR(VALUE(TRIM(MID(SUBSTITUTE(SUBSTITUTE(SUBSTITUTE(UPPER($H33)," ",""),"D",""),";",REPT(" ",30)),181,30))),0)+IFERROR(VALUE(TRIM(MID(SUBSTITUTE(SUBSTITUTE(SUBSTITUTE(UPPER($H33)," ",""),"D",""),";",REPT(" ",30)),211,30))),0))))) | N33: =IF($C33="","",IF($E33="Falta","-",MAX(0,MIN(10,8+IFERROR(VALUE(TRIM(MID(SUBSTITUTE(SUBSTITUTE(SUBSTITUTE(UPPER($L33)," ",""),"F",""),";",REPT(" ",30)),1,30))),0)+IFERROR(VALUE(TRIM(MID(SUBSTITUTE(SUBSTITUTE(SUBSTITUTE(UPPER($L33)," ",""),"F",""),";",REPT(" ",30)),31,30))),0)+IFERROR(VALUE(TRIM(MID(SUBSTITUTE(SUBSTITUTE(SUBSTITUTE(UPPER($L33)," ",""),"F",""),";",REPT(" ",30)),61,30))),0)+IFERROR(VALUE(TRIM(MID(SUBSTITUTE(SUBSTITUTE(SUBSTITUTE(UPPER($L33)," ",""),"F",""),";",REPT(" ",30)),91,30))),0)+IFERROR(VALUE(TRIM(MID(SUBSTITUTE(SUBSTITUTE(SUBSTITUTE(UPPER($L33)," ",""),"F",""),";",REPT(" ",30)),121,30))),0)+IFERROR(VALUE(TRIM(MID(SUBSTITUTE(SUBSTITUTE(SUBSTITUTE(UPPER($L33)," ",""),"F",""),";",REPT(" ",30)),151,30))),0)+IFERROR(VALUE(TRIM(MID(SUBSTITUTE(SUBSTITUTE(SUBSTITUTE(UPPER($L33)," ",""),"F",""),";",REPT(" ",30)),181,30))),0)+IFERROR(VALUE(TRIM(MID(SUBSTITUTE(SUBSTITUTE(SUBSTITUTE(UPPER($L33)," ",""),"F",""),";",REPT(" ",30)),211,30))),0))))) | R33: =IF($C33="","",IF($E33="Falta","-",MAX(0,MIN(10,5+IFERROR(VALUE(TRIM(MID(SUBSTITUTE(SUBSTITUTE(SUBSTITUTE(UPPER($P33)," ",""),"C",""),";",REPT(" ",30)),1,30))),0)+IFERROR(VALUE(TRIM(MID(SUBSTITUTE(SUBSTITUTE(SUBSTITUTE(UPPER($P33)," ",""),"C",""),";",REPT(" ",30)),31,30))),0)+IFERROR(VALUE(TRIM(MID(SUBSTITUTE(SUBSTITUTE(SUBSTITUTE(UPPER($P33)," ",""),"C",""),";",REPT(" ",30)),61,30))),0)+IFERROR(VALUE(TRIM(MID(SUBSTITUTE(SUBSTITUTE(SUBSTITUTE(UPPER($P33)," ",""),"C",""),";",REPT(" ",30)),91,30))),0)+IFERROR(VALUE(TRIM(MID(SUBSTITUTE(SUBSTITUTE(SUBSTITUTE(UPPER($P33)," ",""),"C",""),";",REPT(" ",30)),121,30))),0)+IFERROR(VALUE(TRIM(MID(SUBSTITUTE(SUBSTITUTE(SUBSTITUTE(UPPER($P33)," ",""),"C",""),";",REPT(" ",30)),151,30))),0)+IFERROR(VALUE(TRIM(MID(SUBSTITUTE(SUBSTITUTE(SUBSTITUTE(UPPER($P33)," ",""),"C",""),";",REPT(" ",30)),181,30))),0)+IFERROR(VALUE(TRIM(MID(SUBSTITUTE(SUBSTITUTE(SUBSTITUTE(UPPER($P33)," ",""),"C",""),";",REPT(" ",30)),211,30))),0))))) | V33: =IF($C33="","",IF($E33="Falta","-",MAX(0,MIN(10,5+IFERROR(VALUE(TRIM(MID(SUBSTITUTE(SUBSTITUTE(SUBSTITUTE(UPPER($T33)," ",""),"P",""),";",REPT(" ",30)),1,30))),0)+IFERROR(VALUE(TRIM(MID(SUBSTITUTE(SUBSTITUTE(SUBSTITUTE(UPPER($T33)," ",""),"P",""),";",REPT(" ",30)),31,30))),0)+IFERROR(VALUE(TRIM(MID(SUBSTITUTE(SUBSTITUTE(SUBSTITUTE(UPPER($T33)," ",""),"P",""),";",REPT(" ",30)),61,30))),0)+IFERROR(VALUE(TRIM(MID(SUBSTITUTE(SUBSTITUTE(SUBSTITUTE(UPPER($T33)," ",""),"P",""),";",REPT(" ",30)),91,30))),0)+IFERROR(VALUE(TRIM(MID(SUBSTITUTE(SUBSTITUTE(SUBSTITUTE(UPPER($T33)," ",""),"P",""),";",REPT(" ",30)),121,30))),0)+IFERROR(VALUE(TRIM(MID(SUBSTITUTE(SUBSTITUTE(SUBSTITUTE(UPPER($T33)," ",""),"P",""),";",REPT(" ",30)),151,30))),0)+IFERROR(VALUE(TRIM(MID(SUBSTITUTE(SUBSTITUTE(SUBSTITUTE(UPPER($T33)," ",""),"P",""),";",REPT(" ",30)),181,30))),0)+IFERROR(VALUE(TRIM(MID(SUBSTITUTE(SUBSTITUTE(SUBSTITUTE(UPPER($T33)," ",""),"P",""),";",REPT(" ",30)),211,30))),0)))))
A34: =IF($C34="","",7) | B34: =IF($C34="","","1ª Sessão") | C34: =IF(Preenchimento!$B$16="","",Preenchimento!$B$16) | D34: =IF($C34="","",IF(Preenchimento!$C$16="","-",Preenchimento!$C$16)) | J34: =IF($C34="","",IF($E34="Falta","-",MAX(0,MIN(10,8+IFERROR(VALUE(TRIM(MID(SUBSTITUTE(SUBSTITUTE(SUBSTITUTE(UPPER($H34)," ",""),"D",""),";",REPT(" ",30)),1,30))),0)+IFERROR(VALUE(TRIM(MID(SUBSTITUTE(SUBSTITUTE(SUBSTITUTE(UPPER($H34)," ",""),"D",""),";",REPT(" ",30)),31,30))),0)+IFERROR(VALUE(TRIM(MID(SUBSTITUTE(SUBSTITUTE(SUBSTITUTE(UPPER($H34)," ",""),"D",""),";",REPT(" ",30)),61,30))),0)+IFERROR(VALUE(TRIM(MID(SUBSTITUTE(SUBSTITUTE(SUBSTITUTE(UPPER($H34)," ",""),"D",""),";",REPT(" ",30)),91,30))),0)+IFERROR(VALUE(TRIM(MID(SUBSTITUTE(SUBSTITUTE(SUBSTITUTE(UPPER($H34)," ",""),"D",""),";",REPT(" ",30)),121,30))),0)+IFERROR(VALUE(TRIM(MID(SUBSTITUTE(SUBSTITUTE(SUBSTITUTE(UPPER($H34)," ",""),"D",""),";",REPT(" ",30)),151,30))),0)+IFERROR(VALUE(TRIM(MID(SUBSTITUTE(SUBSTITUTE(SUBSTITUTE(UPPER($H34)," ",""),"D",""),";",REPT(" ",30)),181,30))),0)+IFERROR(VALUE(TRIM(MID(SUBSTITUTE(SUBSTITUTE(SUBSTITUTE(UPPER($H34)," ",""),"D",""),";",REPT(" ",30)),211,30))),0))))) | N34: =IF($C34="","",IF($E34="Falta","-",MAX(0,MIN(10,8+IFERROR(VALUE(TRIM(MID(SUBSTITUTE(SUBSTITUTE(SUBSTITUTE(UPPER($L34)," ",""),"F",""),";",REPT(" ",30)),1,30))),0)+IFERROR(VALUE(TRIM(MID(SUBSTITUTE(SUBSTITUTE(SUBSTITUTE(UPPER($L34)," ",""),"F",""),";",REPT(" ",30)),31,30))),0)+IFERROR(VALUE(TRIM(MID(SUBSTITUTE(SUBSTITUTE(SUBSTITUTE(UPPER($L34)," ",""),"F",""),";",REPT(" ",30)),61,30))),0)+IFERROR(VALUE(TRIM(MID(SUBSTITUTE(SUBSTITUTE(SUBSTITUTE(UPPER($L34)," ",""),"F",""),";",REPT(" ",30)),91,30))),0)+IFERROR(VALUE(TRIM(MID(SUBSTITUTE(SUBSTITUTE(SUBSTITUTE(UPPER($L34)," ",""),"F",""),";",REPT(" ",30)),121,30))),0)+IFERROR(VALUE(TRIM(MID(SUBSTITUTE(SUBSTITUTE(SUBSTITUTE(UPPER($L34)," ",""),"F",""),";",REPT(" ",30)),151,30))),0)+IFERROR(VALUE(TRIM(MID(SUBSTITUTE(SUBSTITUTE(SUBSTITUTE(UPPER($L34)," ",""),"F",""),";",REPT(" ",30)),181,30))),0)+IFERROR(VALUE(TRIM(MID(SUBSTITUTE(SUBSTITUTE(SUBSTITUTE(UPPER($L34)," ",""),"F",""),";",REPT(" ",30)),211,30))),0))))) | R34: =IF($C34="","",IF($E34="Falta","-",MAX(0,MIN(10,5+IFERROR(VALUE(TRIM(MID(SUBSTITUTE(SUBSTITUTE(SUBSTITUTE(UPPER($P34)," ",""),"C",""),";",REPT(" ",30)),1,30))),0)+IFERROR(VALUE(TRIM(MID(SUBSTITUTE(SUBSTITUTE(SUBSTITUTE(UPPER($P34)," ",""),"C",""),";",REPT(" ",30)),31,30))),0)+IFERROR(VALUE(TRIM(MID(SUBSTITUTE(SUBSTITUTE(SUBSTITUTE(UPPER($P34)," ",""),"C",""),";",REPT(" ",30)),61,30))),0)+IFERROR(VALUE(TRIM(MID(SUBSTITUTE(SUBSTITUTE(SUBSTITUTE(UPPER($P34)," ",""),"C",""),";",REPT(" ",30)),91,30))),0)+IFERROR(VALUE(TRIM(MID(SUBSTITUTE(SUBSTITUTE(SUBSTITUTE(UPPER($P34)," ",""),"C",""),";",REPT(" ",30)),121,30))),0)+IFERROR(VALUE(TRIM(MID(SUBSTITUTE(SUBSTITUTE(SUBSTITUTE(UPPER($P34)," ",""),"C",""),";",REPT(" ",30)),151,30))),0)+IFERROR(VALUE(TRIM(MID(SUBSTITUTE(SUBSTITUTE(SUBSTITUTE(UPPER($P34)," ",""),"C",""),";",REPT(" ",30)),181,30))),0)+IFERROR(VALUE(TRIM(MID(SUBSTITUTE(SUBSTITUTE(SUBSTITUTE(UPPER($P34)," ",""),"C",""),";",REPT(" ",30)),211,30))),0))))) | V34: =IF($C34="","",IF($E34="Falta","-",MAX(0,MIN(10,5+IFERROR(VALUE(TRIM(MID(SUBSTITUTE(SUBSTITUTE(SUBSTITUTE(UPPER($T34)," ",""),"P",""),";",REPT(" ",30)),1,30))),0)+IFERROR(VALUE(TRIM(MID(SUBSTITUTE(SUBSTITUTE(SUBSTITUTE(UPPER($T34)," ",""),"P",""),";",REPT(" ",30)),31,30))),0)+IFERROR(VALUE(TRIM(MID(SUBSTITUTE(SUBSTITUTE(SUBSTITUTE(UPPER($T34)," ",""),"P",""),";",REPT(" ",30)),61,30))),0)+IFERROR(VALUE(TRIM(MID(SUBSTITUTE(SUBSTITUTE(SUBSTITUTE(UPPER($T34)," ",""),"P",""),";",REPT(" ",30)),91,30))),0)+IFERROR(VALUE(TRIM(MID(SUBSTITUTE(SUBSTITUTE(SUBSTITUTE(UPPER($T34)," ",""),"P",""),";",REPT(" ",30)),121,30))),0)+IFERROR(VALUE(TRIM(MID(SUBSTITUTE(SUBSTITUTE(SUBSTITUTE(UPPER($T34)," ",""),"P",""),";",REPT(" ",30)),151,30))),0)+IFERROR(VALUE(TRIM(MID(SUBSTITUTE(SUBSTITUTE(SUBSTITUTE(UPPER($T34)," ",""),"P",""),";",REPT(" ",30)),181,30))),0)+IFERROR(VALUE(TRIM(MID(SUBSTITUTE(SUBSTITUTE(SUBSTITUTE(UPPER($T34)," ",""),"P",""),";",REPT(" ",30)),211,30))),0)))))
A35: =IF($C35="","",7) | B35: =IF($C35="","","2ª Sessão") | C35: =IF(Preenchimento!$B$16="","",Preenchimento!$B$16) | D35: =IF($C35="","",IF(Preenchimento!$C$16="","-",Preenchimento!$C$16)) | J35: =IF($C35="","",IF($E35="Falta","-",MAX(0,MIN(10,8+IFERROR(VALUE(TRIM(MID(SUBSTITUTE(SUBSTITUTE(SUBSTITUTE(UPPER($H35)," ",""),"D",""),";",REPT(" ",30)),1,30))),0)+IFERROR(VALUE(TRIM(MID(SUBSTITUTE(SUBSTITUTE(SUBSTITUTE(UPPER($H35)," ",""),"D",""),";",REPT(" ",30)),31,30))),0)+IFERROR(VALUE(TRIM(MID(SUBSTITUTE(SUBSTITUTE(SUBSTITUTE(UPPER($H35)," ",""),"D",""),";",REPT(" ",30)),61,30))),0)+IFERROR(VALUE(TRIM(MID(SUBSTITUTE(SUBSTITUTE(SUBSTITUTE(UPPER($H35)," ",""),"D",""),";",REPT(" ",30)),91,30))),0)+IFERROR(VALUE(TRIM(MID(SUBSTITUTE(SUBSTITUTE(SUBSTITUTE(UPPER($H35)," ",""),"D",""),";",REPT(" ",30)),121,30))),0)+IFERROR(VALUE(TRIM(MID(SUBSTITUTE(SUBSTITUTE(SUBSTITUTE(UPPER($H35)," ",""),"D",""),";",REPT(" ",30)),151,30))),0)+IFERROR(VALUE(TRIM(MID(SUBSTITUTE(SUBSTITUTE(SUBSTITUTE(UPPER($H35)," ",""),"D",""),";",REPT(" ",30)),181,30))),0)+IFERROR(VALUE(TRIM(MID(SUBSTITUTE(SUBSTITUTE(SUBSTITUTE(UPPER($H35)," ",""),"D",""),";",REPT(" ",30)),211,30))),0))))) | N35: =IF($C35="","",IF($E35="Falta","-",MAX(0,MIN(10,8+IFERROR(VALUE(TRIM(MID(SUBSTITUTE(SUBSTITUTE(SUBSTITUTE(UPPER($L35)," ",""),"F",""),";",REPT(" ",30)),1,30))),0)+IFERROR(VALUE(TRIM(MID(SUBSTITUTE(SUBSTITUTE(SUBSTITUTE(UPPER($L35)," ",""),"F",""),";",REPT(" ",30)),31,30))),0)+IFERROR(VALUE(TRIM(MID(SUBSTITUTE(SUBSTITUTE(SUBSTITUTE(UPPER($L35)," ",""),"F",""),";",REPT(" ",30)),61,30))),0)+IFERROR(VALUE(TRIM(MID(SUBSTITUTE(SUBSTITUTE(SUBSTITUTE(UPPER($L35)," ",""),"F",""),";",REPT(" ",30)),91,30))),0)+IFERROR(VALUE(TRIM(MID(SUBSTITUTE(SUBSTITUTE(SUBSTITUTE(UPPER($L35)," ",""),"F",""),";",REPT(" ",30)),121,30))),0)+IFERROR(VALUE(TRIM(MID(SUBSTITUTE(SUBSTITUTE(SUBSTITUTE(UPPER($L35)," ",""),"F",""),";",REPT(" ",30)),151,30))),0)+IFERROR(VALUE(TRIM(MID(SUBSTITUTE(SUBSTITUTE(SUBSTITUTE(UPPER($L35)," ",""),"F",""),";",REPT(" ",30)),181,30))),0)+IFERROR(VALUE(TRIM(MID(SUBSTITUTE(SUBSTITUTE(SUBSTITUTE(UPPER($L35)," ",""),"F",""),";",REPT(" ",30)),211,30))),0))))) | R35: =IF($C35="","",IF($E35="Falta","-",MAX(0,MIN(10,5+IFERROR(VALUE(TRIM(MID(SUBSTITUTE(SUBSTITUTE(SUBSTITUTE(UPPER($P35)," ",""),"C",""),";",REPT(" ",30)),1,30))),0)+IFERROR(VALUE(TRIM(MID(SUBSTITUTE(SUBSTITUTE(SUBSTITUTE(UPPER($P35)," ",""),"C",""),";",REPT(" ",30)),31,30))),0)+IFERROR(VALUE(TRIM(MID(SUBSTITUTE(SUBSTITUTE(SUBSTITUTE(UPPER($P35)," ",""),"C",""),";",REPT(" ",30)),61,30))),0)+IFERROR(VALUE(TRIM(MID(SUBSTITUTE(SUBSTITUTE(SUBSTITUTE(UPPER($P35)," ",""),"C",""),";",REPT(" ",30)),91,30))),0)+IFERROR(VALUE(TRIM(MID(SUBSTITUTE(SUBSTITUTE(SUBSTITUTE(UPPER($P35)," ",""),"C",""),";",REPT(" ",30)),121,30))),0)+IFERROR(VALUE(TRIM(MID(SUBSTITUTE(SUBSTITUTE(SUBSTITUTE(UPPER($P35)," ",""),"C",""),";",REPT(" ",30)),151,30))),0)+IFERROR(VALUE(TRIM(MID(SUBSTITUTE(SUBSTITUTE(SUBSTITUTE(UPPER($P35)," ",""),"C",""),";",REPT(" ",30)),181,30))),0)+IFERROR(VALUE(TRIM(MID(SUBSTITUTE(SUBSTITUTE(SUBSTITUTE(UPPER($P35)," ",""),"C",""),";",REPT(" ",30)),211,30))),0))))) | V35: =IF($C35="","",IF($E35="Falta","-",MAX(0,MIN(10,5+IFERROR(VALUE(TRIM(MID(SUBSTITUTE(SUBSTITUTE(SUBSTITUTE(UPPER($T35)," ",""),"P",""),";",REPT(" ",30)),1,30))),0)+IFERROR(VALUE(TRIM(MID(SUBSTITUTE(SUBSTITUTE(SUBSTITUTE(UPPER($T35)," ",""),"P",""),";",REPT(" ",30)),31,30))),0)+IFERROR(VALUE(TRIM(MID(SUBSTITUTE(SUBSTITUTE(SUBSTITUTE(UPPER($T35)," ",""),"P",""),";",REPT(" ",30)),61,30))),0)+IFERROR(VALUE(TRIM(MID(SUBSTITUTE(SUBSTITUTE(SUBSTITUTE(UPPER($T35)," ",""),"P",""),";",REPT(" ",30)),91,30))),0)+IFERROR(VALUE(TRIM(MID(SUBSTITUTE(SUBSTITUTE(SUBSTITUTE(UPPER($T35)," ",""),"P",""),";",REPT(" ",30)),121,30))),0)+IFERROR(VALUE(TRIM(MID(SUBSTITUTE(SUBSTITUTE(SUBSTITUTE(UPPER($T35)," ",""),"P",""),";",REPT(" ",30)),151,30))),0)+IFERROR(VALUE(TRIM(MID(SUBSTITUTE(SUBSTITUTE(SUBSTITUTE(UPPER($T35)," ",""),"P",""),";",REPT(" ",30)),181,30))),0)+IFERROR(VALUE(TRIM(MID(SUBSTITUTE(SUBSTITUTE(SUBSTITUTE(UPPER($T35)," ",""),"P",""),";",REPT(" ",30)),211,30))),0)))))
A36: =IF($C36="","",7) | B36: =IF($C36="","","3ª Sessão") | C36: =IF(Preenchimento!$B$16="","",Preenchimento!$B$16) | D36: =IF($C36="","",IF(Preenchimento!$C$16="","-",Preenchimento!$C$16)) | J36: =IF($C36="","",IF($E36="Falta","-",MAX(0,MIN(10,8+IFERROR(VALUE(TRIM(MID(SUBSTITUTE(SUBSTITUTE(SUBSTITUTE(UPPER($H36)," ",""),"D",""),";",REPT(" ",30)),1,30))),0)+IFERROR(VALUE(TRIM(MID(SUBSTITUTE(SUBSTITUTE(SUBSTITUTE(UPPER($H36)," ",""),"D",""),";",REPT(" ",30)),31,30))),0)+IFERROR(VALUE(TRIM(MID(SUBSTITUTE(SUBSTITUTE(SUBSTITUTE(UPPER($H36)," ",""),"D",""),";",REPT(" ",30)),61,30))),0)+IFERROR(VALUE(TRIM(MID(SUBSTITUTE(SUBSTITUTE(SUBSTITUTE(UPPER($H36)," ",""),"D",""),";",REPT(" ",30)),91,30))),0)+IFERROR(VALUE(TRIM(MID(SUBSTITUTE(SUBSTITUTE(SUBSTITUTE(UPPER($H36)," ",""),"D",""),";",REPT(" ",30)),121,30))),0)+IFERROR(VALUE(TRIM(MID(SUBSTITUTE(SUBSTITUTE(SUBSTITUTE(UPPER($H36)," ",""),"D",""),";",REPT(" ",30)),151,30))),0)+IFERROR(VALUE(TRIM(MID(SUBSTITUTE(SUBSTITUTE(SUBSTITUTE(UPPER($H36)," ",""),"D",""),";",REPT(" ",30)),181,30))),0)+IFERROR(VALUE(TRIM(MID(SUBSTITUTE(SUBSTITUTE(SUBSTITUTE(UPPER($H36)," ",""),"D",""),";",REPT(" ",30)),211,30))),0))))) | N36: =IF($C36="","",IF($E36="Falta","-",MAX(0,MIN(10,8+IFERROR(VALUE(TRIM(MID(SUBSTITUTE(SUBSTITUTE(SUBSTITUTE(UPPER($L36)," ",""),"F",""),";",REPT(" ",30)),1,30))),0)+IFERROR(VALUE(TRIM(MID(SUBSTITUTE(SUBSTITUTE(SUBSTITUTE(UPPER($L36)," ",""),"F",""),";",REPT(" ",30)),31,30))),0)+IFERROR(VALUE(TRIM(MID(SUBSTITUTE(SUBSTITUTE(SUBSTITUTE(UPPER($L36)," ",""),"F",""),";",REPT(" ",30)),61,30))),0)+IFERROR(VALUE(TRIM(MID(SUBSTITUTE(SUBSTITUTE(SUBSTITUTE(UPPER($L36)," ",""),"F",""),";",REPT(" ",30)),91,30))),0)+IFERROR(VALUE(TRIM(MID(SUBSTITUTE(SUBSTITUTE(SUBSTITUTE(UPPER($L36)," ",""),"F",""),";",REPT(" ",30)),121,30))),0)+IFERROR(VALUE(TRIM(MID(SUBSTITUTE(SUBSTITUTE(SUBSTITUTE(UPPER($L36)," ",""),"F",""),";",REPT(" ",30)),151,30))),0)+IFERROR(VALUE(TRIM(MID(SUBSTITUTE(SUBSTITUTE(SUBSTITUTE(UPPER($L36)," ",""),"F",""),";",REPT(" ",30)),181,30))),0)+IFERROR(VALUE(TRIM(MID(SUBSTITUTE(SUBSTITUTE(SUBSTITUTE(UPPER($L36)," ",""),"F",""),";",REPT(" ",30)),211,30))),0))))) | R36: =IF($C36="","",IF($E36="Falta","-",MAX(0,MIN(10,5+IFERROR(VALUE(TRIM(MID(SUBSTITUTE(SUBSTITUTE(SUBSTITUTE(UPPER($P36)," ",""),"C",""),";",REPT(" ",30)),1,30))),0)+IFERROR(VALUE(TRIM(MID(SUBSTITUTE(SUBSTITUTE(SUBSTITUTE(UPPER($P36)," ",""),"C",""),";",REPT(" ",30)),31,30))),0)+IFERROR(VALUE(TRIM(MID(SUBSTITUTE(SUBSTITUTE(SUBSTITUTE(UPPER($P36)," ",""),"C",""),";",REPT(" ",30)),61,30))),0)+IFERROR(VALUE(TRIM(MID(SUBSTITUTE(SUBSTITUTE(SUBSTITUTE(UPPER($P36)," ",""),"C",""),";",REPT(" ",30)),91,30))),0)+IFERROR(VALUE(TRIM(MID(SUBSTITUTE(SUBSTITUTE(SUBSTITUTE(UPPER($P36)," ",""),"C",""),";",REPT(" ",30)),121,30))),0)+IFERROR(VALUE(TRIM(MID(SUBSTITUTE(SUBSTITUTE(SUBSTITUTE(UPPER($P36)," ",""),"C",""),";",REPT(" ",30)),151,30))),0)+IFERROR(VALUE(TRIM(MID(SUBSTITUTE(SUBSTITUTE(SUBSTITUTE(UPPER($P36)," ",""),"C",""),";",REPT(" ",30)),181,30))),0)+IFERROR(VALUE(TRIM(MID(SUBSTITUTE(SUBSTITUTE(SUBSTITUTE(UPPER($P36)," ",""),"C",""),";",REPT(" ",30)),211,30))),0))))) | V36: =IF($C36="","",IF($E36="Falta","-",MAX(0,MIN(10,5+IFERROR(VALUE(TRIM(MID(SUBSTITUTE(SUBSTITUTE(SUBSTITUTE(UPPER($T36)," ",""),"P",""),";",REPT(" ",30)),1,30))),0)+IFERROR(VALUE(TRIM(MID(SUBSTITUTE(SUBSTITUTE(SUBSTITUTE(UPPER($T36)," ",""),"P",""),";",REPT(" ",30)),31,30))),0)+IFERROR(VALUE(TRIM(MID(SUBSTITUTE(SUBSTITUTE(SUBSTITUTE(UPPER($T36)," ",""),"P",""),";",REPT(" ",30)),61,30))),0)+IFERROR(VALUE(TRIM(MID(SUBSTITUTE(SUBSTITUTE(SUBSTITUTE(UPPER($T36)," ",""),"P",""),";",REPT(" ",30)),91,30))),0)+IFERROR(VALUE(TRIM(MID(SUBSTITUTE(SUBSTITUTE(SUBSTITUTE(UPPER($T36)," ",""),"P",""),";",REPT(" ",30)),121,30))),0)+IFERROR(VALUE(TRIM(MID(SUBSTITUTE(SUBSTITUTE(SUBSTITUTE(UPPER($T36)," ",""),"P",""),";",REPT(" ",30)),151,30))),0)+IFERROR(VALUE(TRIM(MID(SUBSTITUTE(SUBSTITUTE(SUBSTITUTE(UPPER($T36)," ",""),"P",""),";",REPT(" ",30)),181,30))),0)+IFERROR(VALUE(TRIM(MID(SUBSTITUTE(SUBSTITUTE(SUBSTITUTE(UPPER($T36)," ",""),"P",""),";",REPT(" ",30)),211,30))),0)))))
A37: =IF($C37="","",7) | B37: =IF($C37="","","4ª Sessão") | C37: =IF(Preenchimento!$B$16="","",Preenchimento!$B$16) | D37: =IF($C37="","",IF(Preenchimento!$C$16="","-",Preenchimento!$C$16)) | J37: =IF($C37="","",IF($E37="Falta","-",MAX(0,MIN(10,8+IFERROR(VALUE(TRIM(MID(SUBSTITUTE(SUBSTITUTE(SUBSTITUTE(UPPER($H37)," ",""),"D",""),";",REPT(" ",30)),1,30))),0)+IFERROR(VALUE(TRIM(MID(SUBSTITUTE(SUBSTITUTE(SUBSTITUTE(UPPER($H37)," ",""),"D",""),";",REPT(" ",30)),31,30))),0)+IFERROR(VALUE(TRIM(MID(SUBSTITUTE(SUBSTITUTE(SUBSTITUTE(UPPER($H37)," ",""),"D",""),";",REPT(" ",30)),61,30))),0)+IFERROR(VALUE(TRIM(MID(SUBSTITUTE(SUBSTITUTE(SUBSTITUTE(UPPER($H37)," ",""),"D",""),";",REPT(" ",30)),91,30))),0)+IFERROR(VALUE(TRIM(MID(SUBSTITUTE(SUBSTITUTE(SUBSTITUTE(UPPER($H37)," ",""),"D",""),";",REPT(" ",30)),121,30))),0)+IFERROR(VALUE(TRIM(MID(SUBSTITUTE(SUBSTITUTE(SUBSTITUTE(UPPER($H37)," ",""),"D",""),";",REPT(" ",30)),151,30))),0)+IFERROR(VALUE(TRIM(MID(SUBSTITUTE(SUBSTITUTE(SUBSTITUTE(UPPER($H37)," ",""),"D",""),";",REPT(" ",30)),181,30))),0)+IFERROR(VALUE(TRIM(MID(SUBSTITUTE(SUBSTITUTE(SUBSTITUTE(UPPER($H37)," ",""),"D",""),";",REPT(" ",30)),211,30))),0))))) | N37: =IF($C37="","",IF($E37="Falta","-",MAX(0,MIN(10,8+IFERROR(VALUE(TRIM(MID(SUBSTITUTE(SUBSTITUTE(SUBSTITUTE(UPPER($L37)," ",""),"F",""),";",REPT(" ",30)),1,30))),0)+IFERROR(VALUE(TRIM(MID(SUBSTITUTE(SUBSTITUTE(SUBSTITUTE(UPPER($L37)," ",""),"F",""),";",REPT(" ",30)),31,30))),0)+IFERROR(VALUE(TRIM(MID(SUBSTITUTE(SUBSTITUTE(SUBSTITUTE(UPPER($L37)," ",""),"F",""),";",REPT(" ",30)),61,30))),0)+IFERROR(VALUE(TRIM(MID(SUBSTITUTE(SUBSTITUTE(SUBSTITUTE(UPPER($L37)," ",""),"F",""),";",REPT(" ",30)),91,30))),0)+IFERROR(VALUE(TRIM(MID(SUBSTITUTE(SUBSTITUTE(SUBSTITUTE(UPPER($L37)," ",""),"F",""),";",REPT(" ",30)),121,30))),0)+IFERROR(VALUE(TRIM(MID(SUBSTITUTE(SUBSTITUTE(SUBSTITUTE(UPPER($L37)," ",""),"F",""),";",REPT(" ",30)),151,30))),0)+IFERROR(VALUE(TRIM(MID(SUBSTITUTE(SUBSTITUTE(SUBSTITUTE(UPPER($L37)," ",""),"F",""),";",REPT(" ",30)),181,30))),0)+IFERROR(VALUE(TRIM(MID(SUBSTITUTE(SUBSTITUTE(SUBSTITUTE(UPPER($L37)," ",""),"F",""),";",REPT(" ",30)),211,30))),0))))) | R37: =IF($C37="","",IF($E37="Falta","-",MAX(0,MIN(10,5+IFERROR(VALUE(TRIM(MID(SUBSTITUTE(SUBSTITUTE(SUBSTITUTE(UPPER($P37)," ",""),"C",""),";",REPT(" ",30)),1,30))),0)+IFERROR(VALUE(TRIM(MID(SUBSTITUTE(SUBSTITUTE(SUBSTITUTE(UPPER($P37)," ",""),"C",""),";",REPT(" ",30)),31,30))),0)+IFERROR(VALUE(TRIM(MID(SUBSTITUTE(SUBSTITUTE(SUBSTITUTE(UPPER($P37)," ",""),"C",""),";",REPT(" ",30)),61,30))),0)+IFERROR(VALUE(TRIM(MID(SUBSTITUTE(SUBSTITUTE(SUBSTITUTE(UPPER($P37)," ",""),"C",""),";",REPT(" ",30)),91,30))),0)+IFERROR(VALUE(TRIM(MID(SUBSTITUTE(SUBSTITUTE(SUBSTITUTE(UPPER($P37)," ",""),"C",""),";",REPT(" ",30)),121,30))),0)+IFERROR(VALUE(TRIM(MID(SUBSTITUTE(SUBSTITUTE(SUBSTITUTE(UPPER($P37)," ",""),"C",""),";",REPT(" ",30)),151,30))),0)+IFERROR(VALUE(TRIM(MID(SUBSTITUTE(SUBSTITUTE(SUBSTITUTE(UPPER($P37)," ",""),"C",""),";",REPT(" ",30)),181,30))),0)+IFERROR(VALUE(TRIM(MID(SUBSTITUTE(SUBSTITUTE(SUBSTITUTE(UPPER($P37)," ",""),"C",""),";",REPT(" ",30)),211,30))),0))))) | V37: =IF($C37="","",IF($E37="Falta","-",MAX(0,MIN(10,5+IFERROR(VALUE(TRIM(MID(SUBSTITUTE(SUBSTITUTE(SUBSTITUTE(UPPER($T37)," ",""),"P",""),";",REPT(" ",30)),1,30))),0)+IFERROR(VALUE(TRIM(MID(SUBSTITUTE(SUBSTITUTE(SUBSTITUTE(UPPER($T37)," ",""),"P",""),";",REPT(" ",30)),31,30))),0)+IFERROR(VALUE(TRIM(MID(SUBSTITUTE(SUBSTITUTE(SUBSTITUTE(UPPER($T37)," ",""),"P",""),";",REPT(" ",30)),61,30))),0)+IFERROR(VALUE(TRIM(MID(SUBSTITUTE(SUBSTITUTE(SUBSTITUTE(UPPER($T37)," ",""),"P",""),";",REPT(" ",30)),91,30))),0)+IFERROR(VALUE(TRIM(MID(SUBSTITUTE(SUBSTITUTE(SUBSTITUTE(UPPER($T37)," ",""),"P",""),";",REPT(" ",30)),121,30))),0)+IFERROR(VALUE(TRIM(MID(SUBSTITUTE(SUBSTITUTE(SUBSTITUTE(UPPER($T37)," ",""),"P",""),";",REPT(" ",30)),151,30))),0)+IFERROR(VALUE(TRIM(MID(SUBSTITUTE(SUBSTITUTE(SUBSTITUTE(UPPER($T37)," ",""),"P",""),";",REPT(" ",30)),181,30))),0)+IFERROR(VALUE(TRIM(MID(SUBSTITUTE(SUBSTITUTE(SUBSTITUTE(UPPER($T37)," ",""),"P",""),";",REPT(" ",30)),211,30))),0)))))
A38: =IF($C38="","",7) | B38: =IF($C38="","","5ª Sessão") | C38: =IF(Preenchimento!$B$16="","",Preenchimento!$B$16) | D38: =IF($C38="","",IF(Preenchimento!$C$16="","-",Preenchimento!$C$16)) | J38: =IF($C38="","",IF($E38="Falta","-",MAX(0,MIN(10,8+IFERROR(VALUE(TRIM(MID(SUBSTITUTE(SUBSTITUTE(SUBSTITUTE(UPPER($H38)," ",""),"D",""),";",REPT(" ",30)),1,30))),0)+IFERROR(VALUE(TRIM(MID(SUBSTITUTE(SUBSTITUTE(SUBSTITUTE(UPPER($H38)," ",""),"D",""),";",REPT(" ",30)),31,30))),0)+IFERROR(VALUE(TRIM(MID(SUBSTITUTE(SUBSTITUTE(SUBSTITUTE(UPPER($H38)," ",""),"D",""),";",REPT(" ",30)),61,30))),0)+IFERROR(VALUE(TRIM(MID(SUBSTITUTE(SUBSTITUTE(SUBSTITUTE(UPPER($H38)," ",""),"D",""),";",REPT(" ",30)),91,30))),0)+IFERROR(VALUE(TRIM(MID(SUBSTITUTE(SUBSTITUTE(SUBSTITUTE(UPPER($H38)," ",""),"D",""),";",REPT(" ",30)),121,30))),0)+IFERROR(VALUE(TRIM(MID(SUBSTITUTE(SUBSTITUTE(SUBSTITUTE(UPPER($H38)," ",""),"D",""),";",REPT(" ",30)),151,30))),0)+IFERROR(VALUE(TRIM(MID(SUBSTITUTE(SUBSTITUTE(SUBSTITUTE(UPPER($H38)," ",""),"D",""),";",REPT(" ",30)),181,30))),0)+IFERROR(VALUE(TRIM(MID(SUBSTITUTE(SUBSTITUTE(SUBSTITUTE(UPPER($H38)," ",""),"D",""),";",REPT(" ",30)),211,30))),0))))) | N38: =IF($C38="","",IF($E38="Falta","-",MAX(0,MIN(10,8+IFERROR(VALUE(TRIM(MID(SUBSTITUTE(SUBSTITUTE(SUBSTITUTE(UPPER($L38)," ",""),"F",""),";",REPT(" ",30)),1,30))),0)+IFERROR(VALUE(TRIM(MID(SUBSTITUTE(SUBSTITUTE(SUBSTITUTE(UPPER($L38)," ",""),"F",""),";",REPT(" ",30)),31,30))),0)+IFERROR(VALUE(TRIM(MID(SUBSTITUTE(SUBSTITUTE(SUBSTITUTE(UPPER($L38)," ",""),"F",""),";",REPT(" ",30)),61,30))),0)+IFERROR(VALUE(TRIM(MID(SUBSTITUTE(SUBSTITUTE(SUBSTITUTE(UPPER($L38)," ",""),"F",""),";",REPT(" ",30)),91,30))),0)+IFERROR(VALUE(TRIM(MID(SUBSTITUTE(SUBSTITUTE(SUBSTITUTE(UPPER($L38)," ",""),"F",""),";",REPT(" ",30)),121,30))),0)+IFERROR(VALUE(TRIM(MID(SUBSTITUTE(SUBSTITUTE(SUBSTITUTE(UPPER($L38)," ",""),"F",""),";",REPT(" ",30)),151,30))),0)+IFERROR(VALUE(TRIM(MID(SUBSTITUTE(SUBSTITUTE(SUBSTITUTE(UPPER($L38)," ",""),"F",""),";",REPT(" ",30)),181,30))),0)+IFERROR(VALUE(TRIM(MID(SUBSTITUTE(SUBSTITUTE(SUBSTITUTE(UPPER($L38)," ",""),"F",""),";",REPT(" ",30)),211,30))),0))))) | R38: =IF($C38="","",IF($E38="Falta","-",MAX(0,MIN(10,5+IFERROR(VALUE(TRIM(MID(SUBSTITUTE(SUBSTITUTE(SUBSTITUTE(UPPER($P38)," ",""),"C",""),";",REPT(" ",30)),1,30))),0)+IFERROR(VALUE(TRIM(MID(SUBSTITUTE(SUBSTITUTE(SUBSTITUTE(UPPER($P38)," ",""),"C",""),";",REPT(" ",30)),31,30))),0)+IFERROR(VALUE(TRIM(MID(SUBSTITUTE(SUBSTITUTE(SUBSTITUTE(UPPER($P38)," ",""),"C",""),";",REPT(" ",30)),61,30))),0)+IFERROR(VALUE(TRIM(MID(SUBSTITUTE(SUBSTITUTE(SUBSTITUTE(UPPER($P38)," ",""),"C",""),";",REPT(" ",30)),91,30))),0)+IFERROR(VALUE(TRIM(MID(SUBSTITUTE(SUBSTITUTE(SUBSTITUTE(UPPER($P38)," ",""),"C",""),";",REPT(" ",30)),121,30))),0)+IFERROR(VALUE(TRIM(MID(SUBSTITUTE(SUBSTITUTE(SUBSTITUTE(UPPER($P38)," ",""),"C",""),";",REPT(" ",30)),151,30))),0)+IFERROR(VALUE(TRIM(MID(SUBSTITUTE(SUBSTITUTE(SUBSTITUTE(UPPER($P38)," ",""),"C",""),";",REPT(" ",30)),181,30))),0)+IFERROR(VALUE(TRIM(MID(SUBSTITUTE(SUBSTITUTE(SUBSTITUTE(UPPER($P38)," ",""),"C",""),";",REPT(" ",30)),211,30))),0))))) | V38: =IF($C38="","",IF($E38="Falta","-",MAX(0,MIN(10,5+IFERROR(VALUE(TRIM(MID(SUBSTITUTE(SUBSTITUTE(SUBSTITUTE(UPPER($T38)," ",""),"P",""),";",REPT(" ",30)),1,30))),0)+IFERROR(VALUE(TRIM(MID(SUBSTITUTE(SUBSTITUTE(SUBSTITUTE(UPPER($T38)," ",""),"P",""),";",REPT(" ",30)),31,30))),0)+IFERROR(VALUE(TRIM(MID(SUBSTITUTE(SUBSTITUTE(SUBSTITUTE(UPPER($T38)," ",""),"P",""),";",REPT(" ",30)),61,30))),0)+IFERROR(VALUE(TRIM(MID(SUBSTITUTE(SUBSTITUTE(SUBSTITUTE(UPPER($T38)," ",""),"P",""),";",REPT(" ",30)),91,30))),0)+IFERROR(VALUE(TRIM(MID(SUBSTITUTE(SUBSTITUTE(SUBSTITUTE(UPPER($T38)," ",""),"P",""),";",REPT(" ",30)),121,30))),0)+IFERROR(VALUE(TRIM(MID(SUBSTITUTE(SUBSTITUTE(SUBSTITUTE(UPPER($T38)," ",""),"P",""),";",REPT(" ",30)),151,30))),0)+IFERROR(VALUE(TRIM(MID(SUBSTITUTE(SUBSTITUTE(SUBSTITUTE(UPPER($T38)," ",""),"P",""),";",REPT(" ",30)),181,30))),0)+IFERROR(VALUE(TRIM(MID(SUBSTITUTE(SUBSTITUTE(SUBSTITUTE(UPPER($T38)," ",""),"P",""),";",REPT(" ",30)),211,30))),0)))))
A39: =IF($C39="","",8) | B39: =IF($C39="","","1ª Sessão") | C39: =IF(Preenchimento!$B$17="","",Preenchimento!$B$17) | D39: =IF($C39="","",IF(Preenchimento!$C$17="","-",Preenchimento!$C$17)) | J39: =IF($C39="","",IF($E39="Falta","-",MAX(0,MIN(10,8+IFERROR(VALUE(TRIM(MID(SUBSTITUTE(SUBSTITUTE(SUBSTITUTE(UPPER($H39)," ",""),"D",""),";",REPT(" ",30)),1,30))),0)+IFERROR(VALUE(TRIM(MID(SUBSTITUTE(SUBSTITUTE(SUBSTITUTE(UPPER($H39)," ",""),"D",""),";",REPT(" ",30)),31,30))),0)+IFERROR(VALUE(TRIM(MID(SUBSTITUTE(SUBSTITUTE(SUBSTITUTE(UPPER($H39)," ",""),"D",""),";",REPT(" ",30)),61,30))),0)+IFERROR(VALUE(TRIM(MID(SUBSTITUTE(SUBSTITUTE(SUBSTITUTE(UPPER($H39)," ",""),"D",""),";",REPT(" ",30)),91,30))),0)+IFERROR(VALUE(TRIM(MID(SUBSTITUTE(SUBSTITUTE(SUBSTITUTE(UPPER($H39)," ",""),"D",""),";",REPT(" ",30)),121,30))),0)+IFERROR(VALUE(TRIM(MID(SUBSTITUTE(SUBSTITUTE(SUBSTITUTE(UPPER($H39)," ",""),"D",""),";",REPT(" ",30)),151,30))),0)+IFERROR(VALUE(TRIM(MID(SUBSTITUTE(SUBSTITUTE(SUBSTITUTE(UPPER($H39)," ",""),"D",""),";",REPT(" ",30)),181,30))),0)+IFERROR(VALUE(TRIM(MID(SUBSTITUTE(SUBSTITUTE(SUBSTITUTE(UPPER($H39)," ",""),"D",""),";",REPT(" ",30)),211,30))),0))))) | N39: =IF($C39="","",IF($E39="Falta","-",MAX(0,MIN(10,8+IFERROR(VALUE(TRIM(MID(SUBSTITUTE(SUBSTITUTE(SUBSTITUTE(UPPER($L39)," ",""),"F",""),";",REPT(" ",30)),1,30))),0)+IFERROR(VALUE(TRIM(MID(SUBSTITUTE(SUBSTITUTE(SUBSTITUTE(UPPER($L39)," ",""),"F",""),";",REPT(" ",30)),31,30))),0)+IFERROR(VALUE(TRIM(MID(SUBSTITUTE(SUBSTITUTE(SUBSTITUTE(UPPER($L39)," ",""),"F",""),";",REPT(" ",30)),61,30))),0)+IFERROR(VALUE(TRIM(MID(SUBSTITUTE(SUBSTITUTE(SUBSTITUTE(UPPER($L39)," ",""),"F",""),";",REPT(" ",30)),91,30))),0)+IFERROR(VALUE(TRIM(MID(SUBSTITUTE(SUBSTITUTE(SUBSTITUTE(UPPER($L39)," ",""),"F",""),";",REPT(" ",30)),121,30))),0)+IFERROR(VALUE(TRIM(MID(SUBSTITUTE(SUBSTITUTE(SUBSTITUTE(UPPER($L39)," ",""),"F",""),";",REPT(" ",30)),151,30))),0)+IFERROR(VALUE(TRIM(MID(SUBSTITUTE(SUBSTITUTE(SUBSTITUTE(UPPER($L39)," ",""),"F",""),";",REPT(" ",30)),181,30))),0)+IFERROR(VALUE(TRIM(MID(SUBSTITUTE(SUBSTITUTE(SUBSTITUTE(UPPER($L39)," ",""),"F",""),";",REPT(" ",30)),211,30))),0))))) | R39: =IF($C39="","",IF($E39="Falta","-",MAX(0,MIN(10,5+IFERROR(VALUE(TRIM(MID(SUBSTITUTE(SUBSTITUTE(SUBSTITUTE(UPPER($P39)," ",""),"C",""),";",REPT(" ",30)),1,30))),0)+IFERROR(VALUE(TRIM(MID(SUBSTITUTE(SUBSTITUTE(SUBSTITUTE(UPPER($P39)," ",""),"C",""),";",REPT(" ",30)),31,30))),0)+IFERROR(VALUE(TRIM(MID(SUBSTITUTE(SUBSTITUTE(SUBSTITUTE(UPPER($P39)," ",""),"C",""),";",REPT(" ",30)),61,30))),0)+IFERROR(VALUE(TRIM(MID(SUBSTITUTE(SUBSTITUTE(SUBSTITUTE(UPPER($P39)," ",""),"C",""),";",REPT(" ",30)),91,30))),0)+IFERROR(VALUE(TRIM(MID(SUBSTITUTE(SUBSTITUTE(SUBSTITUTE(UPPER($P39)," ",""),"C",""),";",REPT(" ",30)),121,30))),0)+IFERROR(VALUE(TRIM(MID(SUBSTITUTE(SUBSTITUTE(SUBSTITUTE(UPPER($P39)," ",""),"C",""),";",REPT(" ",30)),151,30))),0)+IFERROR(VALUE(TRIM(MID(SUBSTITUTE(SUBSTITUTE(SUBSTITUTE(UPPER($P39)," ",""),"C",""),";",REPT(" ",30)),181,30))),0)+IFERROR(VALUE(TRIM(MID(SUBSTITUTE(SUBSTITUTE(SUBSTITUTE(UPPER($P39)," ",""),"C",""),";",REPT(" ",30)),211,30))),0))))) | V39: =IF($C39="","",IF($E39="Falta","-",MAX(0,MIN(10,5+IFERROR(VALUE(TRIM(MID(SUBSTITUTE(SUBSTITUTE(SUBSTITUTE(UPPER($T39)," ",""),"P",""),";",REPT(" ",30)),1,30))),0)+IFERROR(VALUE(TRIM(MID(SUBSTITUTE(SUBSTITUTE(SUBSTITUTE(UPPER($T39)," ",""),"P",""),";",REPT(" ",30)),31,30))),0)+IFERROR(VALUE(TRIM(MID(SUBSTITUTE(SUBSTITUTE(SUBSTITUTE(UPPER($T39)," ",""),"P",""),";",REPT(" ",30)),61,30))),0)+IFERROR(VALUE(TRIM(MID(SUBSTITUTE(SUBSTITUTE(SUBSTITUTE(UPPER($T39)," ",""),"P",""),";",REPT(" ",30)),91,30))),0)+IFERROR(VALUE(TRIM(MID(SUBSTITUTE(SUBSTITUTE(SUBSTITUTE(UPPER($T39)," ",""),"P",""),";",REPT(" ",30)),121,30))),0)+IFERROR(VALUE(TRIM(MID(SUBSTITUTE(SUBSTITUTE(SUBSTITUTE(UPPER($T39)," ",""),"P",""),";",REPT(" ",30)),151,30))),0)+IFERROR(VALUE(TRIM(MID(SUBSTITUTE(SUBSTITUTE(SUBSTITUTE(UPPER($T39)," ",""),"P",""),";",REPT(" ",30)),181,30))),0)+IFERROR(VALUE(TRIM(MID(SUBSTITUTE(SUBSTITUTE(SUBSTITUTE(UPPER($T39)," ",""),"P",""),";",REPT(" ",30)),211,30))),0)))))
A40: =IF($C40="","",8) | B40: =IF($C40="","","2ª Sessão") | C40: =IF(Preenchimento!$B$17="","",Preenchimento!$B$17) | D40: =IF($C40="","",IF(Preenchimento!$C$17="","-",Preenchimento!$C$17)) | J40: =IF($C40="","",IF($E40="Falta","-",MAX(0,MIN(10,8+IFERROR(VALUE(TRIM(MID(SUBSTITUTE(SUBSTITUTE(SUBSTITUTE(UPPER($H40)," ",""),"D",""),";",REPT(" ",30)),1,30))),0)+IFERROR(VALUE(TRIM(MID(SUBSTITUTE(SUBSTITUTE(SUBSTITUTE(UPPER($H40)," ",""),"D",""),";",REPT(" ",30)),31,30))),0)+IFERROR(VALUE(TRIM(MID(SUBSTITUTE(SUBSTITUTE(SUBSTITUTE(UPPER($H40)," ",""),"D",""),";",REPT(" ",30)),61,30))),0)+IFERROR(VALUE(TRIM(MID(SUBSTITUTE(SUBSTITUTE(SUBSTITUTE(UPPER($H40)," ",""),"D",""),";",REPT(" ",30)),91,30))),0)+IFERROR(VALUE(TRIM(MID(SUBSTITUTE(SUBSTITUTE(SUBSTITUTE(UPPER($H40)," ",""),"D",""),";",REPT(" ",30)),121,30))),0)+IFERROR(VALUE(TRIM(MID(SUBSTITUTE(SUBSTITUTE(SUBSTITUTE(UPPER($H40)," ",""),"D",""),";",REPT(" ",30)),151,30))),0)+IFERROR(VALUE(TRIM(MID(SUBSTITUTE(SUBSTITUTE(SUBSTITUTE(UPPER($H40)," ",""),"D",""),";",REPT(" ",30)),181,30))),0)+IFERROR(VALUE(TRIM(MID(SUBSTITUTE(SUBSTITUTE(SUBSTITUTE(UPPER($H40)," ",""),"D",""),";",REPT(" ",30)),211,30))),0))))) | N40: =IF($C40="","",IF($E40="Falta","-",MAX(0,MIN(10,8+IFERROR(VALUE(TRIM(MID(SUBSTITUTE(SUBSTITUTE(SUBSTITUTE(UPPER($L40)," ",""),"F",""),";",REPT(" ",30)),1,30))),0)+IFERROR(VALUE(TRIM(MID(SUBSTITUTE(SUBSTITUTE(SUBSTITUTE(UPPER($L40)," ",""),"F",""),";",REPT(" ",30)),31,30))),0)+IFERROR(VALUE(TRIM(MID(SUBSTITUTE(SUBSTITUTE(SUBSTITUTE(UPPER($L40)," ",""),"F",""),";",REPT(" ",30)),61,30))),0)+IFERROR(VALUE(TRIM(MID(SUBSTITUTE(SUBSTITUTE(SUBSTITUTE(UPPER($L40)," ",""),"F",""),";",REPT(" ",30)),91,30))),0)+IFERROR(VALUE(TRIM(MID(SUBSTITUTE(SUBSTITUTE(SUBSTITUTE(UPPER($L40)," ",""),"F",""),";",REPT(" ",30)),121,30))),0)+IFERROR(VALUE(TRIM(MID(SUBSTITUTE(SUBSTITUTE(SUBSTITUTE(UPPER($L40)," ",""),"F",""),";",REPT(" ",30)),151,30))),0)+IFERROR(VALUE(TRIM(MID(SUBSTITUTE(SUBSTITUTE(SUBSTITUTE(UPPER($L40)," ",""),"F",""),";",REPT(" ",30)),181,30))),0)+IFERROR(VALUE(TRIM(MID(SUBSTITUTE(SUBSTITUTE(SUBSTITUTE(UPPER($L40)," ",""),"F",""),";",REPT(" ",30)),211,30))),0))))) | R40: =IF($C40="","",IF($E40="Falta","-",MAX(0,MIN(10,5+IFERROR(VALUE(TRIM(MID(SUBSTITUTE(SUBSTITUTE(SUBSTITUTE(UPPER($P40)," ",""),"C",""),";",REPT(" ",30)),1,30))),0)+IFERROR(VALUE(TRIM(MID(SUBSTITUTE(SUBSTITUTE(SUBSTITUTE(UPPER($P40)," ",""),"C",""),";",REPT(" ",30)),31,30))),0)+IFERROR(VALUE(TRIM(MID(SUBSTITUTE(SUBSTITUTE(SUBSTITUTE(UPPER($P40)," ",""),"C",""),";",REPT(" ",30)),61,30))),0)+IFERROR(VALUE(TRIM(MID(SUBSTITUTE(SUBSTITUTE(SUBSTITUTE(UPPER($P40)," ",""),"C",""),";",REPT(" ",30)),91,30))),0)+IFERROR(VALUE(TRIM(MID(SUBSTITUTE(SUBSTITUTE(SUBSTITUTE(UPPER($P40)," ",""),"C",""),";",REPT(" ",30)),121,30))),0)+IFERROR(VALUE(TRIM(MID(SUBSTITUTE(SUBSTITUTE(SUBSTITUTE(UPPER($P40)," ",""),"C",""),";",REPT(" ",30)),151,30))),0)+IFERROR(VALUE(TRIM(MID(SUBSTITUTE(SUBSTITUTE(SUBSTITUTE(UPPER($P40)," ",""),"C",""),";",REPT(" ",30)),181,30))),0)+IFERROR(VALUE(TRIM(MID(SUBSTITUTE(SUBSTITUTE(SUBSTITUTE(UPPER($P40)," ",""),"C",""),";",REPT(" ",30)),211,30))),0))))) | V40: =IF($C40="","",IF($E40="Falta","-",MAX(0,MIN(10,5+IFERROR(VALUE(TRIM(MID(SUBSTITUTE(SUBSTITUTE(SUBSTITUTE(UPPER($T40)," ",""),"P",""),";",REPT(" ",30)),1,30))),0)+IFERROR(VALUE(TRIM(MID(SUBSTITUTE(SUBSTITUTE(SUBSTITUTE(UPPER($T40)," ",""),"P",""),";",REPT(" ",30)),31,30))),0)+IFERROR(VALUE(TRIM(MID(SUBSTITUTE(SUBSTITUTE(SUBSTITUTE(UPPER($T40)," ",""),"P",""),";",REPT(" ",30)),61,30))),0)+IFERROR(VALUE(TRIM(MID(SUBSTITUTE(SUBSTITUTE(SUBSTITUTE(UPPER($T40)," ",""),"P",""),";",REPT(" ",30)),91,30))),0)+IFERROR(VALUE(TRIM(MID(SUBSTITUTE(SUBSTITUTE(SUBSTITUTE(UPPER($T40)," ",""),"P",""),";",REPT(" ",30)),121,30))),0)+IFERROR(VALUE(TRIM(MID(SUBSTITUTE(SUBSTITUTE(SUBSTITUTE(UPPER($T40)," ",""),"P",""),";",REPT(" ",30)),151,30))),0)+IFERROR(VALUE(TRIM(MID(SUBSTITUTE(SUBSTITUTE(SUBSTITUTE(UPPER($T40)," ",""),"P",""),";",REPT(" ",30)),181,30))),0)+IFERROR(VALUE(TRIM(MID(SUBSTITUTE(SUBSTITUTE(SUBSTITUTE(UPPER($T40)," ",""),"P",""),";",REPT(" ",30)),211,30))),0)))))
A41: =IF($C41="","",8) | B41: =IF($C41="","","3ª Sessão") | C41: =IF(Preenchimento!$B$17="","",Preenchimento!$B$17) | D41: =IF($C41="","",IF(Preenchimento!$C$17="","-",Preenchimento!$C$17)) | J41: =IF($C41="","",IF($E41="Falta","-",MAX(0,MIN(10,8+IFERROR(VALUE(TRIM(MID(SUBSTITUTE(SUBSTITUTE(SUBSTITUTE(UPPER($H41)," ",""),"D",""),";",REPT(" ",30)),1,30))),0)+IFERROR(VALUE(TRIM(MID(SUBSTITUTE(SUBSTITUTE(SUBSTITUTE(UPPER($H41)," ",""),"D",""),";",REPT(" ",30)),31,30))),0)+IFERROR(VALUE(TRIM(MID(SUBSTITUTE(SUBSTITUTE(SUBSTITUTE(UPPER($H41)," ",""),"D",""),";",REPT(" ",30)),61,30))),0)+IFERROR(VALUE(TRIM(MID(SUBSTITUTE(SUBSTITUTE(SUBSTITUTE(UPPER($H41)," ",""),"D",""),";",REPT(" ",30)),91,30))),0)+IFERROR(VALUE(TRIM(MID(SUBSTITUTE(SUBSTITUTE(SUBSTITUTE(UPPER($H41)," ",""),"D",""),";",REPT(" ",30)),121,30))),0)+IFERROR(VALUE(TRIM(MID(SUBSTITUTE(SUBSTITUTE(SUBSTITUTE(UPPER($H41)," ",""),"D",""),";",REPT(" ",30)),151,30))),0)+IFERROR(VALUE(TRIM(MID(SUBSTITUTE(SUBSTITUTE(SUBSTITUTE(UPPER($H41)," ",""),"D",""),";",REPT(" ",30)),181,30))),0)+IFERROR(VALUE(TRIM(MID(SUBSTITUTE(SUBSTITUTE(SUBSTITUTE(UPPER($H41)," ",""),"D",""),";",REPT(" ",30)),211,30))),0))))) | N41: =IF($C41="","",IF($E41="Falta","-",MAX(0,MIN(10,8+IFERROR(VALUE(TRIM(MID(SUBSTITUTE(SUBSTITUTE(SUBSTITUTE(UPPER($L41)," ",""),"F",""),";",REPT(" ",30)),1,30))),0)+IFERROR(VALUE(TRIM(MID(SUBSTITUTE(SUBSTITUTE(SUBSTITUTE(UPPER($L41)," ",""),"F",""),";",REPT(" ",30)),31,30))),0)+IFERROR(VALUE(TRIM(MID(SUBSTITUTE(SUBSTITUTE(SUBSTITUTE(UPPER($L41)," ",""),"F",""),";",REPT(" ",30)),61,30))),0)+IFERROR(VALUE(TRIM(MID(SUBSTITUTE(SUBSTITUTE(SUBSTITUTE(UPPER($L41)," ",""),"F",""),";",REPT(" ",30)),91,30))),0)+IFERROR(VALUE(TRIM(MID(SUBSTITUTE(SUBSTITUTE(SUBSTITUTE(UPPER($L41)," ",""),"F",""),";",REPT(" ",30)),121,30))),0)+IFERROR(VALUE(TRIM(MID(SUBSTITUTE(SUBSTITUTE(SUBSTITUTE(UPPER($L41)," ",""),"F",""),";",REPT(" ",30)),151,30))),0)+IFERROR(VALUE(TRIM(MID(SUBSTITUTE(SUBSTITUTE(SUBSTITUTE(UPPER($L41)," ",""),"F",""),";",REPT(" ",30)),181,30))),0)+IFERROR(VALUE(TRIM(MID(SUBSTITUTE(SUBSTITUTE(SUBSTITUTE(UPPER($L41)," ",""),"F",""),";",REPT(" ",30)),211,30))),0))))) | R41: =IF($C41="","",IF($E41="Falta","-",MAX(0,MIN(10,5+IFERROR(VALUE(TRIM(MID(SUBSTITUTE(SUBSTITUTE(SUBSTITUTE(UPPER($P41)," ",""),"C",""),";",REPT(" ",30)),1,30))),0)+IFERROR(VALUE(TRIM(MID(SUBSTITUTE(SUBSTITUTE(SUBSTITUTE(UPPER($P41)," ",""),"C",""),";",REPT(" ",30)),31,30))),0)+IFERROR(VALUE(TRIM(MID(SUBSTITUTE(SUBSTITUTE(SUBSTITUTE(UPPER($P41)," ",""),"C",""),";",REPT(" ",30)),61,30))),0)+IFERROR(VALUE(TRIM(MID(SUBSTITUTE(SUBSTITUTE(SUBSTITUTE(UPPER($P41)," ",""),"C",""),";",REPT(" ",30)),91,30))),0)+IFERROR(VALUE(TRIM(MID(SUBSTITUTE(SUBSTITUTE(SUBSTITUTE(UPPER($P41)," ",""),"C",""),";",REPT(" ",30)),121,30))),0)+IFERROR(VALUE(TRIM(MID(SUBSTITUTE(SUBSTITUTE(SUBSTITUTE(UPPER($P41)," ",""),"C",""),";",REPT(" ",30)),151,30))),0)+IFERROR(VALUE(TRIM(MID(SUBSTITUTE(SUBSTITUTE(SUBSTITUTE(UPPER($P41)," ",""),"C",""),";",REPT(" ",30)),181,30))),0)+IFERROR(VALUE(TRIM(MID(SUBSTITUTE(SUBSTITUTE(SUBSTITUTE(UPPER($P41)," ",""),"C",""),";",REPT(" ",30)),211,30))),0))))) | V41: =IF($C41="","",IF($E41="Falta","-",MAX(0,MIN(10,5+IFERROR(VALUE(TRIM(MID(SUBSTITUTE(SUBSTITUTE(SUBSTITUTE(UPPER($T41)," ",""),"P",""),";",REPT(" ",30)),1,30))),0)+IFERROR(VALUE(TRIM(MID(SUBSTITUTE(SUBSTITUTE(SUBSTITUTE(UPPER($T41)," ",""),"P",""),";",REPT(" ",30)),31,30))),0)+IFERROR(VALUE(TRIM(MID(SUBSTITUTE(SUBSTITUTE(SUBSTITUTE(UPPER($T41)," ",""),"P",""),";",REPT(" ",30)),61,30))),0)+IFERROR(VALUE(TRIM(MID(SUBSTITUTE(SUBSTITUTE(SUBSTITUTE(UPPER($T41)," ",""),"P",""),";",REPT(" ",30)),91,30))),0)+IFERROR(VALUE(TRIM(MID(SUBSTITUTE(SUBSTITUTE(SUBSTITUTE(UPPER($T41)," ",""),"P",""),";",REPT(" ",30)),121,30))),0)+IFERROR(VALUE(TRIM(MID(SUBSTITUTE(SUBSTITUTE(SUBSTITUTE(UPPER($T41)," ",""),"P",""),";",REPT(" ",30)),151,30))),0)+IFERROR(VALUE(TRIM(MID(SUBSTITUTE(SUBSTITUTE(SUBSTITUTE(UPPER($T41)," ",""),"P",""),";",REPT(" ",30)),181,30))),0)+IFERROR(VALUE(TRIM(MID(SUBSTITUTE(SUBSTITUTE(SUBSTITUTE(UPPER($T41)," ",""),"P",""),";",REPT(" ",30)),211,30))),0)))))
A42: =IF($C42="","",8) | B42: =IF($C42="","","4ª Sessão") | C42: =IF(Preenchimento!$B$17="","",Preenchimento!$B$17) | D42: =IF($C42="","",IF(Preenchimento!$C$17="","-",Preenchimento!$C$17)) | J42: =IF($C42="","",IF($E42="Falta","-",MAX(0,MIN(10,8+IFERROR(VALUE(TRIM(MID(SUBSTITUTE(SUBSTITUTE(SUBSTITUTE(UPPER($H42)," ",""),"D",""),";",REPT(" ",30)),1,30))),0)+IFERROR(VALUE(TRIM(MID(SUBSTITUTE(SUBSTITUTE(SUBSTITUTE(UPPER($H42)," ",""),"D",""),";",REPT(" ",30)),31,30))),0)+IFERROR(VALUE(TRIM(MID(SUBSTITUTE(SUBSTITUTE(SUBSTITUTE(UPPER($H42)," ",""),"D",""),";",REPT(" ",30)),61,30))),0)+IFERROR(VALUE(TRIM(MID(SUBSTITUTE(SUBSTITUTE(SUBSTITUTE(UPPER($H42)," ",""),"D",""),";",REPT(" ",30)),91,30))),0)+IFERROR(VALUE(TRIM(MID(SUBSTITUTE(SUBSTITUTE(SUBSTITUTE(UPPER($H42)," ",""),"D",""),";",REPT(" ",30)),121,30))),0)+IFERROR(VALUE(TRIM(MID(SUBSTITUTE(SUBSTITUTE(SUBSTITUTE(UPPER($H42)," ",""),"D",""),";",REPT(" ",30)),151,30))),0)+IFERROR(VALUE(TRIM(MID(SUBSTITUTE(SUBSTITUTE(SUBSTITUTE(UPPER($H42)," ",""),"D",""),";",REPT(" ",30)),181,30))),0)+IFERROR(VALUE(TRIM(MID(SUBSTITUTE(SUBSTITUTE(SUBSTITUTE(UPPER($H42)," ",""),"D",""),";",REPT(" ",30)),211,30))),0))))) | N42: =IF($C42="","",IF($E42="Falta","-",MAX(0,MIN(10,8+IFERROR(VALUE(TRIM(MID(SUBSTITUTE(SUBSTITUTE(SUBSTITUTE(UPPER($L42)," ",""),"F",""),";",REPT(" ",30)),1,30))),0)+IFERROR(VALUE(TRIM(MID(SUBSTITUTE(SUBSTITUTE(SUBSTITUTE(UPPER($L42)," ",""),"F",""),";",REPT(" ",30)),31,30))),0)+IFERROR(VALUE(TRIM(MID(SUBSTITUTE(SUBSTITUTE(SUBSTITUTE(UPPER($L42)," ",""),"F",""),";",REPT(" ",30)),61,30))),0)+IFERROR(VALUE(TRIM(MID(SUBSTITUTE(SUBSTITUTE(SUBSTITUTE(UPPER($L42)," ",""),"F",""),";",REPT(" ",30)),91,30))),0)+IFERROR(VALUE(TRIM(MID(SUBSTITUTE(SUBSTITUTE(SUBSTITUTE(UPPER($L42)," ",""),"F",""),";",REPT(" ",30)),121,30))),0)+IFERROR(VALUE(TRIM(MID(SUBSTITUTE(SUBSTITUTE(SUBSTITUTE(UPPER($L42)," ",""),"F",""),";",REPT(" ",30)),151,30))),0)+IFERROR(VALUE(TRIM(MID(SUBSTITUTE(SUBSTITUTE(SUBSTITUTE(UPPER($L42)," ",""),"F",""),";",REPT(" ",30)),181,30))),0)+IFERROR(VALUE(TRIM(MID(SUBSTITUTE(SUBSTITUTE(SUBSTITUTE(UPPER($L42)," ",""),"F",""),";",REPT(" ",30)),211,30))),0))))) | R42: =IF($C42="","",IF($E42="Falta","-",MAX(0,MIN(10,5+IFERROR(VALUE(TRIM(MID(SUBSTITUTE(SUBSTITUTE(SUBSTITUTE(UPPER($P42)," ",""),"C",""),";",REPT(" ",30)),1,30))),0)+IFERROR(VALUE(TRIM(MID(SUBSTITUTE(SUBSTITUTE(SUBSTITUTE(UPPER($P42)," ",""),"C",""),";",REPT(" ",30)),31,30))),0)+IFERROR(VALUE(TRIM(MID(SUBSTITUTE(SUBSTITUTE(SUBSTITUTE(UPPER($P42)," ",""),"C",""),";",REPT(" ",30)),61,30))),0)+IFERROR(VALUE(TRIM(MID(SUBSTITUTE(SUBSTITUTE(SUBSTITUTE(UPPER($P42)," ",""),"C",""),";",REPT(" ",30)),91,30))),0)+IFERROR(VALUE(TRIM(MID(SUBSTITUTE(SUBSTITUTE(SUBSTITUTE(UPPER($P42)," ",""),"C",""),";",REPT(" ",30)),121,30))),0)+IFERROR(VALUE(TRIM(MID(SUBSTITUTE(SUBSTITUTE(SUBSTITUTE(UPPER($P42)," ",""),"C",""),";",REPT(" ",30)),151,30))),0)+IFERROR(VALUE(TRIM(MID(SUBSTITUTE(SUBSTITUTE(SUBSTITUTE(UPPER($P42)," ",""),"C",""),";",REPT(" ",30)),181,30))),0)+IFERROR(VALUE(TRIM(MID(SUBSTITUTE(SUBSTITUTE(SUBSTITUTE(UPPER($P42)," ",""),"C",""),";",REPT(" ",30)),211,30))),0))))) | V42: =IF($C42="","",IF($E42="Falta","-",MAX(0,MIN(10,5+IFERROR(VALUE(TRIM(MID(SUBSTITUTE(SUBSTITUTE(SUBSTITUTE(UPPER($T42)," ",""),"P",""),";",REPT(" ",30)),1,30))),0)+IFERROR(VALUE(TRIM(MID(SUBSTITUTE(SUBSTITUTE(SUBSTITUTE(UPPER($T42)," ",""),"P",""),";",REPT(" ",30)),31,30))),0)+IFERROR(VALUE(TRIM(MID(SUBSTITUTE(SUBSTITUTE(SUBSTITUTE(UPPER($T42)," ",""),"P",""),";",REPT(" ",30)),61,30))),0)+IFERROR(VALUE(TRIM(MID(SUBSTITUTE(SUBSTITUTE(SUBSTITUTE(UPPER($T42)," ",""),"P",""),";",REPT(" ",30)),91,30))),0)+IFERROR(VALUE(TRIM(MID(SUBSTITUTE(SUBSTITUTE(SUBSTITUTE(UPPER($T42)," ",""),"P",""),";",REPT(" ",30)),121,30))),0)+IFERROR(VALUE(TRIM(MID(SUBSTITUTE(SUBSTITUTE(SUBSTITUTE(UPPER($T42)," ",""),"P",""),";",REPT(" ",30)),151,30))),0)+IFERROR(VALUE(TRIM(MID(SUBSTITUTE(SUBSTITUTE(SUBSTITUTE(UPPER($T42)," ",""),"P",""),";",REPT(" ",30)),181,30))),0)+IFERROR(VALUE(TRIM(MID(SUBSTITUTE(SUBSTITUTE(SUBSTITUTE(UPPER($T42)," ",""),"P",""),";",REPT(" ",30)),211,30))),0)))))
A43: =IF($C43="","",8) | B43: =IF($C43="","","5ª Sessão") | C43: =IF(Preenchimento!$B$17="","",Preenchimento!$B$17) | D43: =IF($C43="","",IF(Preenchimento!$C$17="","-",Preenchimento!$C$17)) | J43: =IF($C43="","",IF($E43="Falta","-",MAX(0,MIN(10,8+IFERROR(VALUE(TRIM(MID(SUBSTITUTE(SUBSTITUTE(SUBSTITUTE(UPPER($H43)," ",""),"D",""),";",REPT(" ",30)),1,30))),0)+IFERROR(VALUE(TRIM(MID(SUBSTITUTE(SUBSTITUTE(SUBSTITUTE(UPPER($H43)," ",""),"D",""),";",REPT(" ",30)),31,30))),0)+IFERROR(VALUE(TRIM(MID(SUBSTITUTE(SUBSTITUTE(SUBSTITUTE(UPPER($H43)," ",""),"D",""),";",REPT(" ",30)),61,30))),0)+IFERROR(VALUE(TRIM(MID(SUBSTITUTE(SUBSTITUTE(SUBSTITUTE(UPPER($H43)," ",""),"D",""),";",REPT(" ",30)),91,30))),0)+IFERROR(VALUE(TRIM(MID(SUBSTITUTE(SUBSTITUTE(SUBSTITUTE(UPPER($H43)," ",""),"D",""),";",REPT(" ",30)),121,30))),0)+IFERROR(VALUE(TRIM(MID(SUBSTITUTE(SUBSTITUTE(SUBSTITUTE(UPPER($H43)," ",""),"D",""),";",REPT(" ",30)),151,30))),0)+IFERROR(VALUE(TRIM(MID(SUBSTITUTE(SUBSTITUTE(SUBSTITUTE(UPPER($H43)," ",""),"D",""),";",REPT(" ",30)),181,30))),0)+IFERROR(VALUE(TRIM(MID(SUBSTITUTE(SUBSTITUTE(SUBSTITUTE(UPPER($H43)," ",""),"D",""),";",REPT(" ",30)),211,30))),0))))) | N43: =IF($C43="","",IF($E43="Falta","-",MAX(0,MIN(10,8+IFERROR(VALUE(TRIM(MID(SUBSTITUTE(SUBSTITUTE(SUBSTITUTE(UPPER($L43)," ",""),"F",""),";",REPT(" ",30)),1,30))),0)+IFERROR(VALUE(TRIM(MID(SUBSTITUTE(SUBSTITUTE(SUBSTITUTE(UPPER($L43)," ",""),"F",""),";",REPT(" ",30)),31,30))),0)+IFERROR(VALUE(TRIM(MID(SUBSTITUTE(SUBSTITUTE(SUBSTITUTE(UPPER($L43)," ",""),"F",""),";",REPT(" ",30)),61,30))),0)+IFERROR(VALUE(TRIM(MID(SUBSTITUTE(SUBSTITUTE(SUBSTITUTE(UPPER($L43)," ",""),"F",""),";",REPT(" ",30)),91,30))),0)+IFERROR(VALUE(TRIM(MID(SUBSTITUTE(SUBSTITUTE(SUBSTITUTE(UPPER($L43)," ",""),"F",""),";",REPT(" ",30)),121,30))),0)+IFERROR(VALUE(TRIM(MID(SUBSTITUTE(SUBSTITUTE(SUBSTITUTE(UPPER($L43)," ",""),"F",""),";",REPT(" ",30)),151,30))),0)+IFERROR(VALUE(TRIM(MID(SUBSTITUTE(SUBSTITUTE(SUBSTITUTE(UPPER($L43)," ",""),"F",""),";",REPT(" ",30)),181,30))),0)+IFERROR(VALUE(TRIM(MID(SUBSTITUTE(SUBSTITUTE(SUBSTITUTE(UPPER($L43)," ",""),"F",""),";",REPT(" ",30)),211,30))),0))))) | R43: =IF($C43="","",IF($E43="Falta","-",MAX(0,MIN(10,5+IFERROR(VALUE(TRIM(MID(SUBSTITUTE(SUBSTITUTE(SUBSTITUTE(UPPER($P43)," ",""),"C",""),";",REPT(" ",30)),1,30))),0)+IFERROR(VALUE(TRIM(MID(SUBSTITUTE(SUBSTITUTE(SUBSTITUTE(UPPER($P43)," ",""),"C",""),";",REPT(" ",30)),31,30))),0)+IFERROR(VALUE(TRIM(MID(SUBSTITUTE(SUBSTITUTE(SUBSTITUTE(UPPER($P43)," ",""),"C",""),";",REPT(" ",30)),61,30))),0)+IFERROR(VALUE(TRIM(MID(SUBSTITUTE(SUBSTITUTE(SUBSTITUTE(UPPER($P43)," ",""),"C",""),";",REPT(" ",30)),91,30))),0)+IFERROR(VALUE(TRIM(MID(SUBSTITUTE(SUBSTITUTE(SUBSTITUTE(UPPER($P43)," ",""),"C",""),";",REPT(" ",30)),121,30))),0)+IFERROR(VALUE(TRIM(MID(SUBSTITUTE(SUBSTITUTE(SUBSTITUTE(UPPER($P43)," ",""),"C",""),";",REPT(" ",30)),151,30))),0)+IFERROR(VALUE(TRIM(MID(SUBSTITUTE(SUBSTITUTE(SUBSTITUTE(UPPER($P43)," ",""),"C",""),";",REPT(" ",30)),181,30))),0)+IFERROR(VALUE(TRIM(MID(SUBSTITUTE(SUBSTITUTE(SUBSTITUTE(UPPER($P43)," ",""),"C",""),";",REPT(" ",30)),211,30))),0))))) | V43: =IF($C43="","",IF($E43="Falta","-",MAX(0,MIN(10,5+IFERROR(VALUE(TRIM(MID(SUBSTITUTE(SUBSTITUTE(SUBSTITUTE(UPPER($T43)," ",""),"P",""),";",REPT(" ",30)),1,30))),0)+IFERROR(VALUE(TRIM(MID(SUBSTITUTE(SUBSTITUTE(SUBSTITUTE(UPPER($T43)," ",""),"P",""),";",REPT(" ",30)),31,30))),0)+IFERROR(VALUE(TRIM(MID(SUBSTITUTE(SUBSTITUTE(SUBSTITUTE(UPPER($T43)," ",""),"P",""),";",REPT(" ",30)),61,30))),0)+IFERROR(VALUE(TRIM(MID(SUBSTITUTE(SUBSTITUTE(SUBSTITUTE(UPPER($T43)," ",""),"P",""),";",REPT(" ",30)),91,30))),0)+IFERROR(VALUE(TRIM(MID(SUBSTITUTE(SUBSTITUTE(SUBSTITUTE(UPPER($T43)," ",""),"P",""),";",REPT(" ",30)),121,30))),0)+IFERROR(VALUE(TRIM(MID(SUBSTITUTE(SUBSTITUTE(SUBSTITUTE(UPPER($T43)," ",""),"P",""),";",REPT(" ",30)),151,30))),0)+IFERROR(VALUE(TRIM(MID(SUBSTITUTE(SUBSTITUTE(SUBSTITUTE(UPPER($T43)," ",""),"P",""),";",REPT(" ",30)),181,30))),0)+IFERROR(VALUE(TRIM(MID(SUBSTITUTE(SUBSTITUTE(SUBSTITUTE(UPPER($T43)," ",""),"P",""),";",REPT(" ",30)),211,30))),0)))))
A44: =IF($C44="","",9) | B44: =IF($C44="","","1ª Sessão") | C44: =IF(Preenchimento!$B$18="","",Preenchimento!$B$18) | D44: =IF($C44="","",IF(Preenchimento!$C$18="","-",Preenchimento!$C$18)) | J44: =IF($C44="","",IF($E44="Falta","-",MAX(0,MIN(10,8+IFERROR(VALUE(TRIM(MID(SUBSTITUTE(SUBSTITUTE(SUBSTITUTE(UPPER($H44)," ",""),"D",""),";",REPT(" ",30)),1,30))),0)+IFERROR(VALUE(TRIM(MID(SUBSTITUTE(SUBSTITUTE(SUBSTITUTE(UPPER($H44)," ",""),"D",""),";",REPT(" ",30)),31,30))),0)+IFERROR(VALUE(TRIM(MID(SUBSTITUTE(SUBSTITUTE(SUBSTITUTE(UPPER($H44)," ",""),"D",""),";",REPT(" ",30)),61,30))),0)+IFERROR(VALUE(TRIM(MID(SUBSTITUTE(SUBSTITUTE(SUBSTITUTE(UPPER($H44)," ",""),"D",""),";",REPT(" ",30)),91,30))),0)+IFERROR(VALUE(TRIM(MID(SUBSTITUTE(SUBSTITUTE(SUBSTITUTE(UPPER($H44)," ",""),"D",""),";",REPT(" ",30)),121,30))),0)+IFERROR(VALUE(TRIM(MID(SUBSTITUTE(SUBSTITUTE(SUBSTITUTE(UPPER($H44)," ",""),"D",""),";",REPT(" ",30)),151,30))),0)+IFERROR(VALUE(TRIM(MID(SUBSTITUTE(SUBSTITUTE(SUBSTITUTE(UPPER($H44)," ",""),"D",""),";",REPT(" ",30)),181,30))),0)+IFERROR(VALUE(TRIM(MID(SUBSTITUTE(SUBSTITUTE(SUBSTITUTE(UPPER($H44)," ",""),"D",""),";",REPT(" ",30)),211,30))),0))))) | N44: =IF($C44="","",IF($E44="Falta","-",MAX(0,MIN(10,8+IFERROR(VALUE(TRIM(MID(SUBSTITUTE(SUBSTITUTE(SUBSTITUTE(UPPER($L44)," ",""),"F",""),";",REPT(" ",30)),1,30))),0)+IFERROR(VALUE(TRIM(MID(SUBSTITUTE(SUBSTITUTE(SUBSTITUTE(UPPER($L44)," ",""),"F",""),";",REPT(" ",30)),31,30))),0)+IFERROR(VALUE(TRIM(MID(SUBSTITUTE(SUBSTITUTE(SUBSTITUTE(UPPER($L44)," ",""),"F",""),";",REPT(" ",30)),61,30))),0)+IFERROR(VALUE(TRIM(MID(SUBSTITUTE(SUBSTITUTE(SUBSTITUTE(UPPER($L44)," ",""),"F",""),";",REPT(" ",30)),91,30))),0)+IFERROR(VALUE(TRIM(MID(SUBSTITUTE(SUBSTITUTE(SUBSTITUTE(UPPER($L44)," ",""),"F",""),";",REPT(" ",30)),121,30))),0)+IFERROR(VALUE(TRIM(MID(SUBSTITUTE(SUBSTITUTE(SUBSTITUTE(UPPER($L44)," ",""),"F",""),";",REPT(" ",30)),151,30))),0)+IFERROR(VALUE(TRIM(MID(SUBSTITUTE(SUBSTITUTE(SUBSTITUTE(UPPER($L44)," ",""),"F",""),";",REPT(" ",30)),181,30))),0)+IFERROR(VALUE(TRIM(MID(SUBSTITUTE(SUBSTITUTE(SUBSTITUTE(UPPER($L44)," ",""),"F",""),";",REPT(" ",30)),211,30))),0))))) | R44: =IF($C44="","",IF($E44="Falta","-",MAX(0,MIN(10,5+IFERROR(VALUE(TRIM(MID(SUBSTITUTE(SUBSTITUTE(SUBSTITUTE(UPPER($P44)," ",""),"C",""),";",REPT(" ",30)),1,30))),0)+IFERROR(VALUE(TRIM(MID(SUBSTITUTE(SUBSTITUTE(SUBSTITUTE(UPPER($P44)," ",""),"C",""),";",REPT(" ",30)),31,30))),0)+IFERROR(VALUE(TRIM(MID(SUBSTITUTE(SUBSTITUTE(SUBSTITUTE(UPPER($P44)," ",""),"C",""),";",REPT(" ",30)),61,30))),0)+IFERROR(VALUE(TRIM(MID(SUBSTITUTE(SUBSTITUTE(SUBSTITUTE(UPPER($P44)," ",""),"C",""),";",REPT(" ",30)),91,30))),0)+IFERROR(VALUE(TRIM(MID(SUBSTITUTE(SUBSTITUTE(SUBSTITUTE(UPPER($P44)," ",""),"C",""),";",REPT(" ",30)),121,30))),0)+IFERROR(VALUE(TRIM(MID(SUBSTITUTE(SUBSTITUTE(SUBSTITUTE(UPPER($P44)," ",""),"C",""),";",REPT(" ",30)),151,30))),0)+IFERROR(VALUE(TRIM(MID(SUBSTITUTE(SUBSTITUTE(SUBSTITUTE(UPPER($P44)," ",""),"C",""),";",REPT(" ",30)),181,30))),0)+IFERROR(VALUE(TRIM(MID(SUBSTITUTE(SUBSTITUTE(SUBSTITUTE(UPPER($P44)," ",""),"C",""),";",REPT(" ",30)),211,30))),0))))) | V44: =IF($C44="","",IF($E44="Falta","-",MAX(0,MIN(10,5+IFERROR(VALUE(TRIM(MID(SUBSTITUTE(SUBSTITUTE(SUBSTITUTE(UPPER($T44)," ",""),"P",""),";",REPT(" ",30)),1,30))),0)+IFERROR(VALUE(TRIM(MID(SUBSTITUTE(SUBSTITUTE(SUBSTITUTE(UPPER($T44)," ",""),"P",""),";",REPT(" ",30)),31,30))),0)+IFERROR(VALUE(TRIM(MID(SUBSTITUTE(SUBSTITUTE(SUBSTITUTE(UPPER($T44)," ",""),"P",""),";",REPT(" ",30)),61,30))),0)+IFERROR(VALUE(TRIM(MID(SUBSTITUTE(SUBSTITUTE(SUBSTITUTE(UPPER($T44)," ",""),"P",""),";",REPT(" ",30)),91,30))),0)+IFERROR(VALUE(TRIM(MID(SUBSTITUTE(SUBSTITUTE(SUBSTITUTE(UPPER($T44)," ",""),"P",""),";",REPT(" ",30)),121,30))),0)+IFERROR(VALUE(TRIM(MID(SUBSTITUTE(SUBSTITUTE(SUBSTITUTE(UPPER($T44)," ",""),"P",""),";",REPT(" ",30)),151,30))),0)+IFERROR(VALUE(TRIM(MID(SUBSTITUTE(SUBSTITUTE(SUBSTITUTE(UPPER($T44)," ",""),"P",""),";",REPT(" ",30)),181,30))),0)+IFERROR(VALUE(TRIM(MID(SUBSTITUTE(SUBSTITUTE(SUBSTITUTE(UPPER($T44)," ",""),"P",""),";",REPT(" ",30)),211,30))),0)))))
A45: =IF($C45="","",9) | B45: =IF($C45="","","2ª Sessão") | C45: =IF(Preenchimento!$B$18="","",Preenchimento!$B$18) | D45: =IF($C45="","",IF(Preenchimento!$C$18="","-",Preenchimento!$C$18)) | J45: =IF($C45="","",IF($E45="Falta","-",MAX(0,MIN(10,8+IFERROR(VALUE(TRIM(MID(SUBSTITUTE(SUBSTITUTE(SUBSTITUTE(UPPER($H45)," ",""),"D",""),";",REPT(" ",30)),1,30))),0)+IFERROR(VALUE(TRIM(MID(SUBSTITUTE(SUBSTITUTE(SUBSTITUTE(UPPER($H45)," ",""),"D",""),";",REPT(" ",30)),31,30))),0)+IFERROR(VALUE(TRIM(MID(SUBSTITUTE(SUBSTITUTE(SUBSTITUTE(UPPER($H45)," ",""),"D",""),";",REPT(" ",30)),61,30))),0)+IFERROR(VALUE(TRIM(MID(SUBSTITUTE(SUBSTITUTE(SUBSTITUTE(UPPER($H45)," ",""),"D",""),";",REPT(" ",30)),91,30))),0)+IFERROR(VALUE(TRIM(MID(SUBSTITUTE(SUBSTITUTE(SUBSTITUTE(UPPER($H45)," ",""),"D",""),";",REPT(" ",30)),121,30))),0)+IFERROR(VALUE(TRIM(MID(SUBSTITUTE(SUBSTITUTE(SUBSTITUTE(UPPER($H45)," ",""),"D",""),";",REPT(" ",30)),151,30))),0)+IFERROR(VALUE(TRIM(MID(SUBSTITUTE(SUBSTITUTE(SUBSTITUTE(UPPER($H45)," ",""),"D",""),";",REPT(" ",30)),181,30))),0)+IFERROR(VALUE(TRIM(MID(SUBSTITUTE(SUBSTITUTE(SUBSTITUTE(UPPER($H45)," ",""),"D",""),";",REPT(" ",30)),211,30))),0))))) | N45: =IF($C45="","",IF($E45="Falta","-",MAX(0,MIN(10,8+IFERROR(VALUE(TRIM(MID(SUBSTITUTE(SUBSTITUTE(SUBSTITUTE(UPPER($L45)," ",""),"F",""),";",REPT(" ",30)),1,30))),0)+IFERROR(VALUE(TRIM(MID(SUBSTITUTE(SUBSTITUTE(SUBSTITUTE(UPPER($L45)," ",""),"F",""),";",REPT(" ",30)),31,30))),0)+IFERROR(VALUE(TRIM(MID(SUBSTITUTE(SUBSTITUTE(SUBSTITUTE(UPPER($L45)," ",""),"F",""),";",REPT(" ",30)),61,30))),0)+IFERROR(VALUE(TRIM(MID(SUBSTITUTE(SUBSTITUTE(SUBSTITUTE(UPPER($L45)," ",""),"F",""),";",REPT(" ",30)),91,30))),0)+IFERROR(VALUE(TRIM(MID(SUBSTITUTE(SUBSTITUTE(SUBSTITUTE(UPPER($L45)," ",""),"F",""),";",REPT(" ",30)),121,30))),0)+IFERROR(VALUE(TRIM(MID(SUBSTITUTE(SUBSTITUTE(SUBSTITUTE(UPPER($L45)," ",""),"F",""),";",REPT(" ",30)),151,30))),0)+IFERROR(VALUE(TRIM(MID(SUBSTITUTE(SUBSTITUTE(SUBSTITUTE(UPPER($L45)," ",""),"F",""),";",REPT(" ",30)),181,30))),0)+IFERROR(VALUE(TRIM(MID(SUBSTITUTE(SUBSTITUTE(SUBSTITUTE(UPPER($L45)," ",""),"F",""),";",REPT(" ",30)),211,30))),0))))) | R45: =IF($C45="","",IF($E45="Falta","-",MAX(0,MIN(10,5+IFERROR(VALUE(TRIM(MID(SUBSTITUTE(SUBSTITUTE(SUBSTITUTE(UPPER($P45)," ",""),"C",""),";",REPT(" ",30)),1,30))),0)+IFERROR(VALUE(TRIM(MID(SUBSTITUTE(SUBSTITUTE(SUBSTITUTE(UPPER($P45)," ",""),"C",""),";",REPT(" ",30)),31,30))),0)+IFERROR(VALUE(TRIM(MID(SUBSTITUTE(SUBSTITUTE(SUBSTITUTE(UPPER($P45)," ",""),"C",""),";",REPT(" ",30)),61,30))),0)+IFERROR(VALUE(TRIM(MID(SUBSTITUTE(SUBSTITUTE(SUBSTITUTE(UPPER($P45)," ",""),"C",""),";",REPT(" ",30)),91,30))),0)+IFERROR(VALUE(TRIM(MID(SUBSTITUTE(SUBSTITUTE(SUBSTITUTE(UPPER($P45)," ",""),"C",""),";",REPT(" ",30)),121,30))),0)+IFERROR(VALUE(TRIM(MID(SUBSTITUTE(SUBSTITUTE(SUBSTITUTE(UPPER($P45)," ",""),"C",""),";",REPT(" ",30)),151,30))),0)+IFERROR(VALUE(TRIM(MID(SUBSTITUTE(SUBSTITUTE(SUBSTITUTE(UPPER($P45)," ",""),"C",""),";",REPT(" ",30)),181,30))),0)+IFERROR(VALUE(TRIM(MID(SUBSTITUTE(SUBSTITUTE(SUBSTITUTE(UPPER($P45)," ",""),"C",""),";",REPT(" ",30)),211,30))),0))))) | V45: =IF($C45="","",IF($E45="Falta","-",MAX(0,MIN(10,5+IFERROR(VALUE(TRIM(MID(SUBSTITUTE(SUBSTITUTE(SUBSTITUTE(UPPER($T45)," ",""),"P",""),";",REPT(" ",30)),1,30))),0)+IFERROR(VALUE(TRIM(MID(SUBSTITUTE(SUBSTITUTE(SUBSTITUTE(UPPER($T45)," ",""),"P",""),";",REPT(" ",30)),31,30))),0)+IFERROR(VALUE(TRIM(MID(SUBSTITUTE(SUBSTITUTE(SUBSTITUTE(UPPER($T45)," ",""),"P",""),";",REPT(" ",30)),61,30))),0)+IFERROR(VALUE(TRIM(MID(SUBSTITUTE(SUBSTITUTE(SUBSTITUTE(UPPER($T45)," ",""),"P",""),";",REPT(" ",30)),91,30))),0)+IFERROR(VALUE(TRIM(MID(SUBSTITUTE(SUBSTITUTE(SUBSTITUTE(UPPER($T45)," ",""),"P",""),";",REPT(" ",30)),121,30))),0)+IFERROR(VALUE(TRIM(MID(SUBSTITUTE(SUBSTITUTE(SUBSTITUTE(UPPER($T45)," ",""),"P",""),";",REPT(" ",30)),151,30))),0)+IFERROR(VALUE(TRIM(MID(SUBSTITUTE(SUBSTITUTE(SUBSTITUTE(UPPER($T45)," ",""),"P",""),";",REPT(" ",30)),181,30))),0)+IFERROR(VALUE(TRIM(MID(SUBSTITUTE(SUBSTITUTE(SUBSTITUTE(UPPER($T45)," ",""),"P",""),";",REPT(" ",30)),211,30))),0)))))
A46: =IF($C46="","",9) | B46: =IF($C46="","","3ª Sessão") | C46: =IF(Preenchimento!$B$18="","",Preenchimento!$B$18) | D46: =IF($C46="","",IF(Preenchimento!$C$18="","-",Preenchimento!$C$18)) | J46: =IF($C46="","",IF($E46="Falta","-",MAX(0,MIN(10,8+IFERROR(VALUE(TRIM(MID(SUBSTITUTE(SUBSTITUTE(SUBSTITUTE(UPPER($H46)," ",""),"D",""),";",REPT(" ",30)),1,30))),0)+IFERROR(VALUE(TRIM(MID(SUBSTITUTE(SUBSTITUTE(SUBSTITUTE(UPPER($H46)," ",""),"D",""),";",REPT(" ",30)),31,30))),0)+IFERROR(VALUE(TRIM(MID(SUBSTITUTE(SUBSTITUTE(SUBSTITUTE(UPPER($H46)," ",""),"D",""),";",REPT(" ",30)),61,30))),0)+IFERROR(VALUE(TRIM(MID(SUBSTITUTE(SUBSTITUTE(SUBSTITUTE(UPPER($H46)," ",""),"D",""),";",REPT(" ",30)),91,30))),0)+IFERROR(VALUE(TRIM(MID(SUBSTITUTE(SUBSTITUTE(SUBSTITUTE(UPPER($H46)," ",""),"D",""),";",REPT(" ",30)),121,30))),0)+IFERROR(VALUE(TRIM(MID(SUBSTITUTE(SUBSTITUTE(SUBSTITUTE(UPPER($H46)," ",""),"D",""),";",REPT(" ",30)),151,30))),0)+IFERROR(VALUE(TRIM(MID(SUBSTITUTE(SUBSTITUTE(SUBSTITUTE(UPPER($H46)," ",""),"D",""),";",REPT(" ",30)),181,30))),0)+IFERROR(VALUE(TRIM(MID(SUBSTITUTE(SUBSTITUTE(SUBSTITUTE(UPPER($H46)," ",""),"D",""),";",REPT(" ",30)),211,30))),0))))) | N46: =IF($C46="","",IF($E46="Falta","-",MAX(0,MIN(10,8+IFERROR(VALUE(TRIM(MID(SUBSTITUTE(SUBSTITUTE(SUBSTITUTE(UPPER($L46)," ",""),"F",""),";",REPT(" ",30)),1,30))),0)+IFERROR(VALUE(TRIM(MID(SUBSTITUTE(SUBSTITUTE(SUBSTITUTE(UPPER($L46)," ",""),"F",""),";",REPT(" ",30)),31,30))),0)+IFERROR(VALUE(TRIM(MID(SUBSTITUTE(SUBSTITUTE(SUBSTITUTE(UPPER($L46)," ",""),"F",""),";",REPT(" ",30)),61,30))),0)+IFERROR(VALUE(TRIM(MID(SUBSTITUTE(SUBSTITUTE(SUBSTITUTE(UPPER($L46)," ",""),"F",""),";",REPT(" ",30)),91,30))),0)+IFERROR(VALUE(TRIM(MID(SUBSTITUTE(SUBSTITUTE(SUBSTITUTE(UPPER($L46)," ",""),"F",""),";",REPT(" ",30)),121,30))),0)+IFERROR(VALUE(TRIM(MID(SUBSTITUTE(SUBSTITUTE(SUBSTITUTE(UPPER($L46)," ",""),"F",""),";",REPT(" ",30)),151,30))),0)+IFERROR(VALUE(TRIM(MID(SUBSTITUTE(SUBSTITUTE(SUBSTITUTE(UPPER($L46)," ",""),"F",""),";",REPT(" ",30)),181,30))),0)+IFERROR(VALUE(TRIM(MID(SUBSTITUTE(SUBSTITUTE(SUBSTITUTE(UPPER($L46)," ",""),"F",""),";",REPT(" ",30)),211,30))),0))))) | R46: =IF($C46="","",IF($E46="Falta","-",MAX(0,MIN(10,5+IFERROR(VALUE(TRIM(MID(SUBSTITUTE(SUBSTITUTE(SUBSTITUTE(UPPER($P46)," ",""),"C",""),";",REPT(" ",30)),1,30))),0)+IFERROR(VALUE(TRIM(MID(SUBSTITUTE(SUBSTITUTE(SUBSTITUTE(UPPER($P46)," ",""),"C",""),";",REPT(" ",30)),31,30))),0)+IFERROR(VALUE(TRIM(MID(SUBSTITUTE(SUBSTITUTE(SUBSTITUTE(UPPER($P46)," ",""),"C",""),";",REPT(" ",30)),61,30))),0)+IFERROR(VALUE(TRIM(MID(SUBSTITUTE(SUBSTITUTE(SUBSTITUTE(UPPER($P46)," ",""),"C",""),";",REPT(" ",30)),91,30))),0)+IFERROR(VALUE(TRIM(MID(SUBSTITUTE(SUBSTITUTE(SUBSTITUTE(UPPER($P46)," ",""),"C",""),";",REPT(" ",30)),121,30))),0)+IFERROR(VALUE(TRIM(MID(SUBSTITUTE(SUBSTITUTE(SUBSTITUTE(UPPER($P46)," ",""),"C",""),";",REPT(" ",30)),151,30))),0)+IFERROR(VALUE(TRIM(MID(SUBSTITUTE(SUBSTITUTE(SUBSTITUTE(UPPER($P46)," ",""),"C",""),";",REPT(" ",30)),181,30))),0)+IFERROR(VALUE(TRIM(MID(SUBSTITUTE(SUBSTITUTE(SUBSTITUTE(UPPER($P46)," ",""),"C",""),";",REPT(" ",30)),211,30))),0))))) | V46: =IF($C46="","",IF($E46="Falta","-",MAX(0,MIN(10,5+IFERROR(VALUE(TRIM(MID(SUBSTITUTE(SUBSTITUTE(SUBSTITUTE(UPPER($T46)," ",""),"P",""),";",REPT(" ",30)),1,30))),0)+IFERROR(VALUE(TRIM(MID(SUBSTITUTE(SUBSTITUTE(SUBSTITUTE(UPPER($T46)," ",""),"P",""),";",REPT(" ",30)),31,30))),0)+IFERROR(VALUE(TRIM(MID(SUBSTITUTE(SUBSTITUTE(SUBSTITUTE(UPPER($T46)," ",""),"P",""),";",REPT(" ",30)),61,30))),0)+IFERROR(VALUE(TRIM(MID(SUBSTITUTE(SUBSTITUTE(SUBSTITUTE(UPPER($T46)," ",""),"P",""),";",REPT(" ",30)),91,30))),0)+IFERROR(VALUE(TRIM(MID(SUBSTITUTE(SUBSTITUTE(SUBSTITUTE(UPPER($T46)," ",""),"P",""),";",REPT(" ",30)),121,30))),0)+IFERROR(VALUE(TRIM(MID(SUBSTITUTE(SUBSTITUTE(SUBSTITUTE(UPPER($T46)," ",""),"P",""),";",REPT(" ",30)),151,30))),0)+IFERROR(VALUE(TRIM(MID(SUBSTITUTE(SUBSTITUTE(SUBSTITUTE(UPPER($T46)," ",""),"P",""),";",REPT(" ",30)),181,30))),0)+IFERROR(VALUE(TRIM(MID(SUBSTITUTE(SUBSTITUTE(SUBSTITUTE(UPPER($T46)," ",""),"P",""),";",REPT(" ",30)),211,30))),0)))))
A47: =IF($C47="","",9) | B47: =IF($C47="","","4ª Sessão") | C47: =IF(Preenchimento!$B$18="","",Preenchimento!$B$18) | D47: =IF($C47="","",IF(Preenchimento!$C$18="","-",Preenchimento!$C$18)) | J47: =IF($C47="","",IF($E47="Falta","-",MAX(0,MIN(10,8+IFERROR(VALUE(TRIM(MID(SUBSTITUTE(SUBSTITUTE(SUBSTITUTE(UPPER($H47)," ",""),"D",""),";",REPT(" ",30)),1,30))),0)+IFERROR(VALUE(TRIM(MID(SUBSTITUTE(SUBSTITUTE(SUBSTITUTE(UPPER($H47)," ",""),"D",""),";",REPT(" ",30)),31,30))),0)+IFERROR(VALUE(TRIM(MID(SUBSTITUTE(SUBSTITUTE(SUBSTITUTE(UPPER($H47)," ",""),"D",""),";",REPT(" ",30)),61,30))),0)+IFERROR(VALUE(TRIM(MID(SUBSTITUTE(SUBSTITUTE(SUBSTITUTE(UPPER($H47)," ",""),"D",""),";",REPT(" ",30)),91,30))),0)+IFERROR(VALUE(TRIM(MID(SUBSTITUTE(SUBSTITUTE(SUBSTITUTE(UPPER($H47)," ",""),"D",""),";",REPT(" ",30)),121,30))),0)+IFERROR(VALUE(TRIM(MID(SUBSTITUTE(SUBSTITUTE(SUBSTITUTE(UPPER($H47)," ",""),"D",""),";",REPT(" ",30)),151,30))),0)+IFERROR(VALUE(TRIM(MID(SUBSTITUTE(SUBSTITUTE(SUBSTITUTE(UPPER($H47)," ",""),"D",""),";",REPT(" ",30)),181,30))),0)+IFERROR(VALUE(TRIM(MID(SUBSTITUTE(SUBSTITUTE(SUBSTITUTE(UPPER($H47)," ",""),"D",""),";",REPT(" ",30)),211,30))),0))))) | N47: =IF($C47="","",IF($E47="Falta","-",MAX(0,MIN(10,8+IFERROR(VALUE(TRIM(MID(SUBSTITUTE(SUBSTITUTE(SUBSTITUTE(UPPER($L47)," ",""),"F",""),";",REPT(" ",30)),1,30))),0)+IFERROR(VALUE(TRIM(MID(SUBSTITUTE(SUBSTITUTE(SUBSTITUTE(UPPER($L47)," ",""),"F",""),";",REPT(" ",30)),31,30))),0)+IFERROR(VALUE(TRIM(MID(SUBSTITUTE(SUBSTITUTE(SUBSTITUTE(UPPER($L47)," ",""),"F",""),";",REPT(" ",30)),61,30))),0)+IFERROR(VALUE(TRIM(MID(SUBSTITUTE(SUBSTITUTE(SUBSTITUTE(UPPER($L47)," ",""),"F",""),";",REPT(" ",30)),91,30))),0)+IFERROR(VALUE(TRIM(MID(SUBSTITUTE(SUBSTITUTE(SUBSTITUTE(UPPER($L47)," ",""),"F",""),";",REPT(" ",30)),121,30))),0)+IFERROR(VALUE(TRIM(MID(SUBSTITUTE(SUBSTITUTE(SUBSTITUTE(UPPER($L47)," ",""),"F",""),";",REPT(" ",30)),151,30))),0)+IFERROR(VALUE(TRIM(MID(SUBSTITUTE(SUBSTITUTE(SUBSTITUTE(UPPER($L47)," ",""),"F",""),";",REPT(" ",30)),181,30))),0)+IFERROR(VALUE(TRIM(MID(SUBSTITUTE(SUBSTITUTE(SUBSTITUTE(UPPER($L47)," ",""),"F",""),";",REPT(" ",30)),211,30))),0))))) | R47: =IF($C47="","",IF($E47="Falta","-",MAX(0,MIN(10,5+IFERROR(VALUE(TRIM(MID(SUBSTITUTE(SUBSTITUTE(SUBSTITUTE(UPPER($P47)," ",""),"C",""),";",REPT(" ",30)),1,30))),0)+IFERROR(VALUE(TRIM(MID(SUBSTITUTE(SUBSTITUTE(SUBSTITUTE(UPPER($P47)," ",""),"C",""),";",REPT(" ",30)),31,30))),0)+IFERROR(VALUE(TRIM(MID(SUBSTITUTE(SUBSTITUTE(SUBSTITUTE(UPPER($P47)," ",""),"C",""),";",REPT(" ",30)),61,30))),0)+IFERROR(VALUE(TRIM(MID(SUBSTITUTE(SUBSTITUTE(SUBSTITUTE(UPPER($P47)," ",""),"C",""),";",REPT(" ",30)),91,30))),0)+IFERROR(VALUE(TRIM(MID(SUBSTITUTE(SUBSTITUTE(SUBSTITUTE(UPPER($P47)," ",""),"C",""),";",REPT(" ",30)),121,30))),0)+IFERROR(VALUE(TRIM(MID(SUBSTITUTE(SUBSTITUTE(SUBSTITUTE(UPPER($P47)," ",""),"C",""),";",REPT(" ",30)),151,30))),0)+IFERROR(VALUE(TRIM(MID(SUBSTITUTE(SUBSTITUTE(SUBSTITUTE(UPPER($P47)," ",""),"C",""),";",REPT(" ",30)),181,30))),0)+IFERROR(VALUE(TRIM(MID(SUBSTITUTE(SUBSTITUTE(SUBSTITUTE(UPPER($P47)," ",""),"C",""),";",REPT(" ",30)),211,30))),0))))) | V47: =IF($C47="","",IF($E47="Falta","-",MAX(0,MIN(10,5+IFERROR(VALUE(TRIM(MID(SUBSTITUTE(SUBSTITUTE(SUBSTITUTE(UPPER($T47)," ",""),"P",""),";",REPT(" ",30)),1,30))),0)+IFERROR(VALUE(TRIM(MID(SUBSTITUTE(SUBSTITUTE(SUBSTITUTE(UPPER($T47)," ",""),"P",""),";",REPT(" ",30)),31,30))),0)+IFERROR(VALUE(TRIM(MID(SUBSTITUTE(SUBSTITUTE(SUBSTITUTE(UPPER($T47)," ",""),"P",""),";",REPT(" ",30)),61,30))),0)+IFERROR(VALUE(TRIM(MID(SUBSTITUTE(SUBSTITUTE(SUBSTITUTE(UPPER($T47)," ",""),"P",""),";",REPT(" ",30)),91,30))),0)+IFERROR(VALUE(TRIM(MID(SUBSTITUTE(SUBSTITUTE(SUBSTITUTE(UPPER($T47)," ",""),"P",""),";",REPT(" ",30)),121,30))),0)+IFERROR(VALUE(TRIM(MID(SUBSTITUTE(SUBSTITUTE(SUBSTITUTE(UPPER($T47)," ",""),"P",""),";",REPT(" ",30)),151,30))),0)+IFERROR(VALUE(TRIM(MID(SUBSTITUTE(SUBSTITUTE(SUBSTITUTE(UPPER($T47)," ",""),"P",""),";",REPT(" ",30)),181,30))),0)+IFERROR(VALUE(TRIM(MID(SUBSTITUTE(SUBSTITUTE(SUBSTITUTE(UPPER($T47)," ",""),"P",""),";",REPT(" ",30)),211,30))),0)))))
A48: =IF($C48="","",9) | B48: =IF($C48="","","5ª Sessão") | C48: =IF(Preenchimento!$B$18="","",Preenchimento!$B$18) | D48: =IF($C48="","",IF(Preenchimento!$C$18="","-",Preenchimento!$C$18)) | J48: =IF($C48="","",IF($E48="Falta","-",MAX(0,MIN(10,8+IFERROR(VALUE(TRIM(MID(SUBSTITUTE(SUBSTITUTE(SUBSTITUTE(UPPER($H48)," ",""),"D",""),";",REPT(" ",30)),1,30))),0)+IFERROR(VALUE(TRIM(MID(SUBSTITUTE(SUBSTITUTE(SUBSTITUTE(UPPER($H48)," ",""),"D",""),";",REPT(" ",30)),31,30))),0)+IFERROR(VALUE(TRIM(MID(SUBSTITUTE(SUBSTITUTE(SUBSTITUTE(UPPER($H48)," ",""),"D",""),";",REPT(" ",30)),61,30))),0)+IFERROR(VALUE(TRIM(MID(SUBSTITUTE(SUBSTITUTE(SUBSTITUTE(UPPER($H48)," ",""),"D",""),";",REPT(" ",30)),91,30))),0)+IFERROR(VALUE(TRIM(MID(SUBSTITUTE(SUBSTITUTE(SUBSTITUTE(UPPER($H48)," ",""),"D",""),";",REPT(" ",30)),121,30))),0)+IFERROR(VALUE(TRIM(MID(SUBSTITUTE(SUBSTITUTE(SUBSTITUTE(UPPER($H48)," ",""),"D",""),";",REPT(" ",30)),151,30))),0)+IFERROR(VALUE(TRIM(MID(SUBSTITUTE(SUBSTITUTE(SUBSTITUTE(UPPER($H48)," ",""),"D",""),";",REPT(" ",30)),181,30))),0)+IFERROR(VALUE(TRIM(MID(SUBSTITUTE(SUBSTITUTE(SUBSTITUTE(UPPER($H48)," ",""),"D",""),";",REPT(" ",30)),211,30))),0))))) | N48: =IF($C48="","",IF($E48="Falta","-",MAX(0,MIN(10,8+IFERROR(VALUE(TRIM(MID(SUBSTITUTE(SUBSTITUTE(SUBSTITUTE(UPPER($L48)," ",""),"F",""),";",REPT(" ",30)),1,30))),0)+IFERROR(VALUE(TRIM(MID(SUBSTITUTE(SUBSTITUTE(SUBSTITUTE(UPPER($L48)," ",""),"F",""),";",REPT(" ",30)),31,30))),0)+IFERROR(VALUE(TRIM(MID(SUBSTITUTE(SUBSTITUTE(SUBSTITUTE(UPPER($L48)," ",""),"F",""),";",REPT(" ",30)),61,30))),0)+IFERROR(VALUE(TRIM(MID(SUBSTITUTE(SUBSTITUTE(SUBSTITUTE(UPPER($L48)," ",""),"F",""),";",REPT(" ",30)),91,30))),0)+IFERROR(VALUE(TRIM(MID(SUBSTITUTE(SUBSTITUTE(SUBSTITUTE(UPPER($L48)," ",""),"F",""),";",REPT(" ",30)),121,30))),0)+IFERROR(VALUE(TRIM(MID(SUBSTITUTE(SUBSTITUTE(SUBSTITUTE(UPPER($L48)," ",""),"F",""),";",REPT(" ",30)),151,30))),0)+IFERROR(VALUE(TRIM(MID(SUBSTITUTE(SUBSTITUTE(SUBSTITUTE(UPPER($L48)," ",""),"F",""),";",REPT(" ",30)),181,30))),0)+IFERROR(VALUE(TRIM(MID(SUBSTITUTE(SUBSTITUTE(SUBSTITUTE(UPPER($L48)," ",""),"F",""),";",REPT(" ",30)),211,30))),0))))) | R48: =IF($C48="","",IF($E48="Falta","-",MAX(0,MIN(10,5+IFERROR(VALUE(TRIM(MID(SUBSTITUTE(SUBSTITUTE(SUBSTITUTE(UPPER($P48)," ",""),"C",""),";",REPT(" ",30)),1,30))),0)+IFERROR(VALUE(TRIM(MID(SUBSTITUTE(SUBSTITUTE(SUBSTITUTE(UPPER($P48)," ",""),"C",""),";",REPT(" ",30)),31,30))),0)+IFERROR(VALUE(TRIM(MID(SUBSTITUTE(SUBSTITUTE(SUBSTITUTE(UPPER($P48)," ",""),"C",""),";",REPT(" ",30)),61,30))),0)+IFERROR(VALUE(TRIM(MID(SUBSTITUTE(SUBSTITUTE(SUBSTITUTE(UPPER($P48)," ",""),"C",""),";",REPT(" ",30)),91,30))),0)+IFERROR(VALUE(TRIM(MID(SUBSTITUTE(SUBSTITUTE(SUBSTITUTE(UPPER($P48)," ",""),"C",""),";",REPT(" ",30)),121,30))),0)+IFERROR(VALUE(TRIM(MID(SUBSTITUTE(SUBSTITUTE(SUBSTITUTE(UPPER($P48)," ",""),"C",""),";",REPT(" ",30)),151,30))),0)+IFERROR(VALUE(TRIM(MID(SUBSTITUTE(SUBSTITUTE(SUBSTITUTE(UPPER($P48)," ",""),"C",""),";",REPT(" ",30)),181,30))),0)+IFERROR(VALUE(TRIM(MID(SUBSTITUTE(SUBSTITUTE(SUBSTITUTE(UPPER($P48)," ",""),"C",""),";",REPT(" ",30)),211,30))),0))))) | V48: =IF($C48="","",IF($E48="Falta","-",MAX(0,MIN(10,5+IFERROR(VALUE(TRIM(MID(SUBSTITUTE(SUBSTITUTE(SUBSTITUTE(UPPER($T48)," ",""),"P",""),";",REPT(" ",30)),1,30))),0)+IFERROR(VALUE(TRIM(MID(SUBSTITUTE(SUBSTITUTE(SUBSTITUTE(UPPER($T48)," ",""),"P",""),";",REPT(" ",30)),31,30))),0)+IFERROR(VALUE(TRIM(MID(SUBSTITUTE(SUBSTITUTE(SUBSTITUTE(UPPER($T48)," ",""),"P",""),";",REPT(" ",30)),61,30))),0)+IFERROR(VALUE(TRIM(MID(SUBSTITUTE(SUBSTITUTE(SUBSTITUTE(UPPER($T48)," ",""),"P",""),";",REPT(" ",30)),91,30))),0)+IFERROR(VALUE(TRIM(MID(SUBSTITUTE(SUBSTITUTE(SUBSTITUTE(UPPER($T48)," ",""),"P",""),";",REPT(" ",30)),121,30))),0)+IFERROR(VALUE(TRIM(MID(SUBSTITUTE(SUBSTITUTE(SUBSTITUTE(UPPER($T48)," ",""),"P",""),";",REPT(" ",30)),151,30))),0)+IFERROR(VALUE(TRIM(MID(SUBSTITUTE(SUBSTITUTE(SUBSTITUTE(UPPER($T48)," ",""),"P",""),";",REPT(" ",30)),181,30))),0)+IFERROR(VALUE(TRIM(MID(SUBSTITUTE(SUBSTITUTE(SUBSTITUTE(UPPER($T48)," ",""),"P",""),";",REPT(" ",30)),211,30))),0)))))
A49: =IF($C49="","",10) | B49: =IF($C49="","","1ª Sessão") | C49: =IF(Preenchimento!$B$19="","",Preenchimento!$B$19) | D49: =IF($C49="","",IF(Preenchimento!$C$19="","-",Preenchimento!$C$19)) | J49: =IF($C49="","",IF($E49="Falta","-",MAX(0,MIN(10,8+IFERROR(VALUE(TRIM(MID(SUBSTITUTE(SUBSTITUTE(SUBSTITUTE(UPPER($H49)," ",""),"D",""),";",REPT(" ",30)),1,30))),0)+IFERROR(VALUE(TRIM(MID(SUBSTITUTE(SUBSTITUTE(SUBSTITUTE(UPPER($H49)," ",""),"D",""),";",REPT(" ",30)),31,30))),0)+IFERROR(VALUE(TRIM(MID(SUBSTITUTE(SUBSTITUTE(SUBSTITUTE(UPPER($H49)," ",""),"D",""),";",REPT(" ",30)),61,30))),0)+IFERROR(VALUE(TRIM(MID(SUBSTITUTE(SUBSTITUTE(SUBSTITUTE(UPPER($H49)," ",""),"D",""),";",REPT(" ",30)),91,30))),0)+IFERROR(VALUE(TRIM(MID(SUBSTITUTE(SUBSTITUTE(SUBSTITUTE(UPPER($H49)," ",""),"D",""),";",REPT(" ",30)),121,30))),0)+IFERROR(VALUE(TRIM(MID(SUBSTITUTE(SUBSTITUTE(SUBSTITUTE(UPPER($H49)," ",""),"D",""),";",REPT(" ",30)),151,30))),0)+IFERROR(VALUE(TRIM(MID(SUBSTITUTE(SUBSTITUTE(SUBSTITUTE(UPPER($H49)," ",""),"D",""),";",REPT(" ",30)),181,30))),0)+IFERROR(VALUE(TRIM(MID(SUBSTITUTE(SUBSTITUTE(SUBSTITUTE(UPPER($H49)," ",""),"D",""),";",REPT(" ",30)),211,30))),0))))) | N49: =IF($C49="","",IF($E49="Falta","-",MAX(0,MIN(10,8+IFERROR(VALUE(TRIM(MID(SUBSTITUTE(SUBSTITUTE(SUBSTITUTE(UPPER($L49)," ",""),"F",""),";",REPT(" ",30)),1,30))),0)+IFERROR(VALUE(TRIM(MID(SUBSTITUTE(SUBSTITUTE(SUBSTITUTE(UPPER($L49)," ",""),"F",""),";",REPT(" ",30)),31,30))),0)+IFERROR(VALUE(TRIM(MID(SUBSTITUTE(SUBSTITUTE(SUBSTITUTE(UPPER($L49)," ",""),"F",""),";",REPT(" ",30)),61,30))),0)+IFERROR(VALUE(TRIM(MID(SUBSTITUTE(SUBSTITUTE(SUBSTITUTE(UPPER($L49)," ",""),"F",""),";",REPT(" ",30)),91,30))),0)+IFERROR(VALUE(TRIM(MID(SUBSTITUTE(SUBSTITUTE(SUBSTITUTE(UPPER($L49)," ",""),"F",""),";",REPT(" ",30)),121,30))),0)+IFERROR(VALUE(TRIM(MID(SUBSTITUTE(SUBSTITUTE(SUBSTITUTE(UPPER($L49)," ",""),"F",""),";",REPT(" ",30)),151,30))),0)+IFERROR(VALUE(TRIM(MID(SUBSTITUTE(SUBSTITUTE(SUBSTITUTE(UPPER($L49)," ",""),"F",""),";",REPT(" ",30)),181,30))),0)+IFERROR(VALUE(TRIM(MID(SUBSTITUTE(SUBSTITUTE(SUBSTITUTE(UPPER($L49)," ",""),"F",""),";",REPT(" ",30)),211,30))),0))))) | R49: =IF($C49="","",IF($E49="Falta","-",MAX(0,MIN(10,5+IFERROR(VALUE(TRIM(MID(SUBSTITUTE(SUBSTITUTE(SUBSTITUTE(UPPER($P49)," ",""),"C",""),";",REPT(" ",30)),1,30))),0)+IFERROR(VALUE(TRIM(MID(SUBSTITUTE(SUBSTITUTE(SUBSTITUTE(UPPER($P49)," ",""),"C",""),";",REPT(" ",30)),31,30))),0)+IFERROR(VALUE(TRIM(MID(SUBSTITUTE(SUBSTITUTE(SUBSTITUTE(UPPER($P49)," ",""),"C",""),";",REPT(" ",30)),61,30))),0)+IFERROR(VALUE(TRIM(MID(SUBSTITUTE(SUBSTITUTE(SUBSTITUTE(UPPER($P49)," ",""),"C",""),";",REPT(" ",30)),91,30))),0)+IFERROR(VALUE(TRIM(MID(SUBSTITUTE(SUBSTITUTE(SUBSTITUTE(UPPER($P49)," ",""),"C",""),";",REPT(" ",30)),121,30))),0)+IFERROR(VALUE(TRIM(MID(SUBSTITUTE(SUBSTITUTE(SUBSTITUTE(UPPER($P49)," ",""),"C",""),";",REPT(" ",30)),151,30))),0)+IFERROR(VALUE(TRIM(MID(SUBSTITUTE(SUBSTITUTE(SUBSTITUTE(UPPER($P49)," ",""),"C",""),";",REPT(" ",30)),181,30))),0)+IFERROR(VALUE(TRIM(MID(SUBSTITUTE(SUBSTITUTE(SUBSTITUTE(UPPER($P49)," ",""),"C",""),";",REPT(" ",30)),211,30))),0))))) | V49: =IF($C49="","",IF($E49="Falta","-",MAX(0,MIN(10,5+IFERROR(VALUE(TRIM(MID(SUBSTITUTE(SUBSTITUTE(SUBSTITUTE(UPPER($T49)," ",""),"P",""),";",REPT(" ",30)),1,30))),0)+IFERROR(VALUE(TRIM(MID(SUBSTITUTE(SUBSTITUTE(SUBSTITUTE(UPPER($T49)," ",""),"P",""),";",REPT(" ",30)),31,30))),0)+IFERROR(VALUE(TRIM(MID(SUBSTITUTE(SUBSTITUTE(SUBSTITUTE(UPPER($T49)," ",""),"P",""),";",REPT(" ",30)),61,30))),0)+IFERROR(VALUE(TRIM(MID(SUBSTITUTE(SUBSTITUTE(SUBSTITUTE(UPPER($T49)," ",""),"P",""),";",REPT(" ",30)),91,30))),0)+IFERROR(VALUE(TRIM(MID(SUBSTITUTE(SUBSTITUTE(SUBSTITUTE(UPPER($T49)," ",""),"P",""),";",REPT(" ",30)),121,30))),0)+IFERROR(VALUE(TRIM(MID(SUBSTITUTE(SUBSTITUTE(SUBSTITUTE(UPPER($T49)," ",""),"P",""),";",REPT(" ",30)),151,30))),0)+IFERROR(VALUE(TRIM(MID(SUBSTITUTE(SUBSTITUTE(SUBSTITUTE(UPPER($T49)," ",""),"P",""),";",REPT(" ",30)),181,30))),0)+IFERROR(VALUE(TRIM(MID(SUBSTITUTE(SUBSTITUTE(SUBSTITUTE(UPPER($T49)," ",""),"P",""),";",REPT(" ",30)),211,30))),0)))))
A50: =IF($C50="","",10) | B50: =IF($C50="","","2ª Sessão") | C50: =IF(Preenchimento!$B$19="","",Preenchimento!$B$19) | D50: =IF($C50="","",IF(Preenchimento!$C$19="","-",Preenchimento!$C$19)) | J50: =IF($C50="","",IF($E50="Falta","-",MAX(0,MIN(10,8+IFERROR(VALUE(TRIM(MID(SUBSTITUTE(SUBSTITUTE(SUBSTITUTE(UPPER($H50)," ",""),"D",""),";",REPT(" ",30)),1,30))),0)+IFERROR(VALUE(TRIM(MID(SUBSTITUTE(SUBSTITUTE(SUBSTITUTE(UPPER($H50)," ",""),"D",""),";",REPT(" ",30)),31,30))),0)+IFERROR(VALUE(TRIM(MID(SUBSTITUTE(SUBSTITUTE(SUBSTITUTE(UPPER($H50)," ",""),"D",""),";",REPT(" ",30)),61,30))),0)+IFERROR(VALUE(TRIM(MID(SUBSTITUTE(SUBSTITUTE(SUBSTITUTE(UPPER($H50)," ",""),"D",""),";",REPT(" ",30)),91,30))),0)+IFERROR(VALUE(TRIM(MID(SUBSTITUTE(SUBSTITUTE(SUBSTITUTE(UPPER($H50)," ",""),"D",""),";",REPT(" ",30)),121,30))),0)+IFERROR(VALUE(TRIM(MID(SUBSTITUTE(SUBSTITUTE(SUBSTITUTE(UPPER($H50)," ",""),"D",""),";",REPT(" ",30)),151,30))),0)+IFERROR(VALUE(TRIM(MID(SUBSTITUTE(SUBSTITUTE(SUBSTITUTE(UPPER($H50)," ",""),"D",""),";",REPT(" ",30)),181,30))),0)+IFERROR(VALUE(TRIM(MID(SUBSTITUTE(SUBSTITUTE(SUBSTITUTE(UPPER($H50)," ",""),"D",""),";",REPT(" ",30)),211,30))),0))))) | N50: =IF($C50="","",IF($E50="Falta","-",MAX(0,MIN(10,8+IFERROR(VALUE(TRIM(MID(SUBSTITUTE(SUBSTITUTE(SUBSTITUTE(UPPER($L50)," ",""),"F",""),";",REPT(" ",30)),1,30))),0)+IFERROR(VALUE(TRIM(MID(SUBSTITUTE(SUBSTITUTE(SUBSTITUTE(UPPER($L50)," ",""),"F",""),";",REPT(" ",30)),31,30))),0)+IFERROR(VALUE(TRIM(MID(SUBSTITUTE(SUBSTITUTE(SUBSTITUTE(UPPER($L50)," ",""),"F",""),";",REPT(" ",30)),61,30))),0)+IFERROR(VALUE(TRIM(MID(SUBSTITUTE(SUBSTITUTE(SUBSTITUTE(UPPER($L50)," ",""),"F",""),";",REPT(" ",30)),91,30))),0)+IFERROR(VALUE(TRIM(MID(SUBSTITUTE(SUBSTITUTE(SUBSTITUTE(UPPER($L50)," ",""),"F",""),";",REPT(" ",30)),121,30))),0)+IFERROR(VALUE(TRIM(MID(SUBSTITUTE(SUBSTITUTE(SUBSTITUTE(UPPER($L50)," ",""),"F",""),";",REPT(" ",30)),151,30))),0)+IFERROR(VALUE(TRIM(MID(SUBSTITUTE(SUBSTITUTE(SUBSTITUTE(UPPER($L50)," ",""),"F",""),";",REPT(" ",30)),181,30))),0)+IFERROR(VALUE(TRIM(MID(SUBSTITUTE(SUBSTITUTE(SUBSTITUTE(UPPER($L50)," ",""),"F",""),";",REPT(" ",30)),211,30))),0))))) | R50: =IF($C50="","",IF($E50="Falta","-",MAX(0,MIN(10,5+IFERROR(VALUE(TRIM(MID(SUBSTITUTE(SUBSTITUTE(SUBSTITUTE(UPPER($P50)," ",""),"C",""),";",REPT(" ",30)),1,30))),0)+IFERROR(VALUE(TRIM(MID(SUBSTITUTE(SUBSTITUTE(SUBSTITUTE(UPPER($P50)," ",""),"C",""),";",REPT(" ",30)),31,30))),0)+IFERROR(VALUE(TRIM(MID(SUBSTITUTE(SUBSTITUTE(SUBSTITUTE(UPPER($P50)," ",""),"C",""),";",REPT(" ",30)),61,30))),0)+IFERROR(VALUE(TRIM(MID(SUBSTITUTE(SUBSTITUTE(SUBSTITUTE(UPPER($P50)," ",""),"C",""),";",REPT(" ",30)),91,30))),0)+IFERROR(VALUE(TRIM(MID(SUBSTITUTE(SUBSTITUTE(SUBSTITUTE(UPPER($P50)," ",""),"C",""),";",REPT(" ",30)),121,30))),0)+IFERROR(VALUE(TRIM(MID(SUBSTITUTE(SUBSTITUTE(SUBSTITUTE(UPPER($P50)," ",""),"C",""),";",REPT(" ",30)),151,30))),0)+IFERROR(VALUE(TRIM(MID(SUBSTITUTE(SUBSTITUTE(SUBSTITUTE(UPPER($P50)," ",""),"C",""),";",REPT(" ",30)),181,30))),0)+IFERROR(VALUE(TRIM(MID(SUBSTITUTE(SUBSTITUTE(SUBSTITUTE(UPPER($P50)," ",""),"C",""),";",REPT(" ",30)),211,30))),0))))) | V50: =IF($C50="","",IF($E50="Falta","-",MAX(0,MIN(10,5+IFERROR(VALUE(TRIM(MID(SUBSTITUTE(SUBSTITUTE(SUBSTITUTE(UPPER($T50)," ",""),"P",""),";",REPT(" ",30)),1,30))),0)+IFERROR(VALUE(TRIM(MID(SUBSTITUTE(SUBSTITUTE(SUBSTITUTE(UPPER($T50)," ",""),"P",""),";",REPT(" ",30)),31,30))),0)+IFERROR(VALUE(TRIM(MID(SUBSTITUTE(SUBSTITUTE(SUBSTITUTE(UPPER($T50)," ",""),"P",""),";",REPT(" ",30)),61,30))),0)+IFERROR(VALUE(TRIM(MID(SUBSTITUTE(SUBSTITUTE(SUBSTITUTE(UPPER($T50)," ",""),"P",""),";",REPT(" ",30)),91,30))),0)+IFERROR(VALUE(TRIM(MID(SUBSTITUTE(SUBSTITUTE(SUBSTITUTE(UPPER($T50)," ",""),"P",""),";",REPT(" ",30)),121,30))),0)+IFERROR(VALUE(TRIM(MID(SUBSTITUTE(SUBSTITUTE(SUBSTITUTE(UPPER($T50)," ",""),"P",""),";",REPT(" ",30)),151,30))),0)+IFERROR(VALUE(TRIM(MID(SUBSTITUTE(SUBSTITUTE(SUBSTITUTE(UPPER($T50)," ",""),"P",""),";",REPT(" ",30)),181,30))),0)+IFERROR(VALUE(TRIM(MID(SUBSTITUTE(SUBSTITUTE(SUBSTITUTE(UPPER($T50)," ",""),"P",""),";",REPT(" ",30)),211,30))),0)))))
